seq,request_time,request_size,object_seq,observ_point
0,0,1024,0,5
1,5489,512000,3,0
2,6404,512000,3,2
3,7318,5242880,5,1
4,7318,102400,2,4
5,7318,512000,3,0
6,7318,102400,2,5
7,7318,5242880,5,5
8,7318,5242880,5,3
9,10063,5242880,5,4
10,10978,10485760,6,2
11,10978,102400,2,4
12,14637,102400,2,3
13,16467,10485760,6,4
14,16467,5242880,5,5
15,18297,5242880,5,3
16,18297,102400,2,4
17,22871,5242880,5,6
18,25616,512000,3,4
19,27445,512000,3,0
20,32020,10485760,6,2
21,32935,5242880,5,2
22,38424,5242880,5,5
23,38424,5242880,5,3
24,40254,10485760,6,3
25,41168,102400,2,5
26,42998,10485760,6,5
27,43913,10485760,6,1
28,44828,5242880,5,4
29,46658,102400,2,0
30,47573,5242880,5,1
31,47573,102400,2,1
32,49402,102400,2,1
33,49402,5242880,5,4
34,53977,512000,3,6
35,62210,5242880,5,0
36,63125,1048576,4,1
37,64040,102400,2,0
38,65870,102400,2,5
39,65870,512000,3,5
40,67700,5242880,5,0
41,67700,102400,2,2
42,67700,5242880,5,5
43,68614,102400,2,5
44,73189,102400,2,5
45,75019,102400,2,2
46,78678,5242880,5,6
47,78678,512000,3,4
48,85997,10240,1,6
49,90571,5242880,5,5
50,91486,512000,3,1
51,92401,5242880,5,1
52,95146,512000,3,6
53,96060,102400,2,4
54,100635,5242880,5,0
55,101550,102400,2,1
56,104294,102400,2,3
57,105209,512000,3,0
58,105209,5242880,5,6
59,108869,102400,2,2
60,112528,102400,2,4
61,112528,102400,2,4
62,113443,5242880,5,3
63,115273,5242880,5,4
64,119847,10485760,6,3
65,119847,10485760,6,0
66,120762,1048576,4,3
67,120762,102400,2,0
68,121677,5242880,5,4
69,126251,512000,3,6
70,128081,5242880,5,3
71,128996,5242880,5,1
72,129911,102400,2,3
73,130825,102400,2,1
74,131740,512000,3,1
75,131740,512000,3,4
76,132655,5242880,5,6
77,132655,512000,3,2
78,134485,5242880,5,1
79,135400,512000,3,0
80,137229,5242880,5,0
81,138144,1048576,4,1
82,140889,102400,2,1
83,142719,10485760,6,3
84,148208,1048576,4,5
85,150038,10485760,6,1
86,150038,5242880,5,6
87,150952,512000,3,5
88,152782,10485760,6,6
89,156442,5242880,5,1
90,157357,102400,2,0
91,159186,5242880,5,1
92,162846,5242880,5,1
93,167420,1048576,4,0
94,168335,5242880,5,1
95,169250,5242880,5,2
96,174739,5242880,5,6
97,176569,102400,2,6
98,177484,5242880,5,4
99,178398,5242880,5,4
100,180228,5242880,5,0
101,182973,5242880,5,6
102,182973,5242880,5,3
103,184803,5242880,5,1
104,184803,512000,3,5
105,187547,1048576,4,5
106,191207,512000,3,0
107,192121,102400,2,3
108,196696,102400,2,3
109,199440,102400,2,2
110,200355,1048576,4,5
111,204015,1048576,4,2
112,205844,10485760,6,2
113,205844,102400,2,5
114,209504,5242880,5,0
115,214078,5242880,5,1
116,216823,102400,2,5
117,216823,102400,2,2
118,219567,102400,2,2
119,220482,102400,2,2
120,225972,512000,3,5
121,225972,10485760,6,1
122,230546,5242880,5,1
123,230546,10485760,6,2
124,231461,5242880,5,5
125,231461,512000,3,2
126,233290,102400,2,1
127,233290,5242880,5,1
128,236035,5242880,5,2
129,237865,102400,2,0
130,239695,512000,3,2
131,243354,512000,3,0
132,244269,5242880,5,4
133,246099,5242880,5,2
134,248843,5242880,5,0
135,250673,5242880,5,5
136,251588,5242880,5,5
137,252503,512000,3,2
138,256162,512000,3,5
139,256162,102400,2,3
140,257077,102400,2,2
141,257077,5242880,5,4
142,257992,5242880,5,6
143,259822,5242880,5,1
144,268970,512000,3,5
145,270800,10485760,6,0
146,271715,5242880,5,2
147,273545,102400,2,3
148,276289,5242880,5,1
149,279034,102400,2,3
150,279949,5242880,5,0
151,279949,102400,2,5
152,285438,5242880,5,5
153,286353,1048576,4,5
154,287268,5242880,5,3
155,288182,5242880,5,0
156,289097,512000,3,3
157,290927,10485760,6,2
158,292757,10240,1,0
159,296416,512000,3,0
160,296416,102400,2,1
161,297331,10240,1,1
162,298246,10240,1,0
163,299161,10240,1,6
164,300076,10240,1,2
165,300991,10240,1,2
166,305565,10485760,6,3
167,310139,1048576,4,2
168,311054,102400,2,0
169,318373,5242880,5,5
170,321118,5242880,5,2
171,321118,10485760,6,3
172,322947,512000,3,6
173,322947,5242880,5,0
174,326607,102400,2,1
175,328437,5242880,5,2
176,333011,1048576,4,0
177,333011,10485760,6,2
178,333926,5242880,5,4
179,333926,102400,2,1
180,336670,5242880,5,3
181,337585,102400,2,1
182,343074,102400,2,1
183,346734,102400,2,4
184,349479,512000,3,2
185,350393,102400,2,1
186,356797,102400,2,0
187,357712,5242880,5,4
188,358627,102400,2,5
189,358627,512000,3,6
190,360457,10485760,6,3
191,363202,5242880,5,3
192,364116,10485760,6,2
193,365031,1048576,4,2
194,372350,10485760,6,6
195,374180,5242880,5,0
196,375095,5242880,5,0
197,376010,512000,3,3
198,376010,10485760,6,3
199,376925,512000,3,2
200,377839,102400,2,2
201,377839,5242880,5,0
202,378754,1024,0,5
203,378754,102400,2,2
204,380584,512000,3,3
205,381499,512000,3,1
206,384243,102400,2,0
207,386073,10485760,6,4
208,387903,1048576,4,1
209,387903,5242880,5,2
210,392477,1048576,4,2
211,395222,5242880,5,4
212,396137,102400,2,4
213,396137,102400,2,0
214,397966,5242880,5,4
215,397966,1048576,4,0
216,398881,5242880,5,5
217,400711,102400,2,1
218,402541,5242880,5,1
219,408030,5242880,5,1
220,408945,5242880,5,3
221,410775,5242880,5,2
222,411689,10485760,6,2
223,413519,512000,3,0
224,413519,10485760,6,4
225,415349,10485760,6,1
226,415349,512000,3,3
227,416264,5242880,5,0
228,417179,512000,3,1
229,417179,5242880,5,5
230,419008,102400,2,5
231,419008,5242880,5,5
232,421753,512000,3,6
233,422668,5242880,5,0
234,424498,102400,2,5
235,429987,10485760,6,5
236,434561,102400,2,0
237,441880,512000,3,4
238,447369,1048576,4,1
239,450114,512000,3,4
240,452858,512000,3,4
241,452858,512000,3,5
242,456518,5242880,5,2
243,462007,1048576,4,3
244,462922,102400,2,3
245,464752,512000,3,4
246,465667,5242880,5,0
247,465667,102400,2,4
248,466581,102400,2,0
249,466581,5242880,5,2
250,469326,102400,2,5
251,469326,5242880,5,2
252,470241,10485760,6,2
253,471156,1048576,4,0
254,476645,5242880,5,4
255,483964,102400,2,2
256,483964,102400,2,4
257,488538,1024,0,3
258,489453,10485760,6,3
259,492198,5242880,5,1
260,502261,102400,2,5
261,502261,5242880,5,4
262,502261,102400,2,0
263,503176,512000,3,2
264,503176,5242880,5,5
265,505006,5242880,5,3
266,506836,512000,3,5
267,511410,102400,2,3
268,515984,102400,2,1
269,515984,5242880,5,2
270,515984,5242880,5,6
271,516899,5242880,5,3
272,517814,512000,3,1
273,519644,10485760,6,5
274,524218,1048576,4,5
275,526048,10485760,6,5
276,526048,5242880,5,5
277,526963,102400,2,6
278,527878,102400,2,5
279,527878,5242880,5,3
280,529707,102400,2,5
281,529707,1024,0,5
282,529707,512000,3,5
283,530622,1024,0,5
284,532452,512000,3,4
285,533367,1024,0,5
286,533367,10485760,6,0
287,536111,102400,2,4
288,537026,512000,3,0
289,537941,512000,3,2
290,537941,102400,2,0
291,540686,512000,3,5
292,541601,5242880,5,3
293,542515,512000,3,4
294,548005,512000,3,4
295,548005,102400,2,2
296,549834,5242880,5,3
297,551664,5242880,5,4
298,554409,10485760,6,2
299,562642,102400,2,3
300,571791,10485760,6,0
301,575451,102400,2,6
302,580940,1024,0,2
303,581855,512000,3,3
304,582770,5242880,5,1
305,583684,512000,3,4
306,583684,1024,0,5
307,588259,5242880,5,4
308,589174,5242880,5,2
309,589174,5242880,5,6
310,590088,512000,3,6
311,590088,5242880,5,2
312,590088,512000,3,4
313,591003,5242880,5,2
314,592833,5242880,5,3
315,592833,10485760,6,6
316,600152,5242880,5,1
317,601067,1048576,4,4
318,602897,5242880,5,2
319,603811,5242880,5,3
320,604726,102400,2,6
321,605641,1048576,4,2
322,612045,512000,3,2
323,612045,102400,2,6
324,614790,10485760,6,1
325,615705,5242880,5,4
326,617534,5242880,5,1
327,620279,102400,2,3
328,629428,102400,2,1
329,631257,5242880,5,5
330,631257,5242880,5,0
331,637662,1048576,4,3
332,639491,10485760,6,1
333,645895,512000,3,3
334,646810,5242880,5,1
335,653214,5242880,5,4
336,655959,10485760,6,5
337,657789,10485760,6,5
338,657789,5242880,5,2
339,659618,10485760,6,6
340,659618,102400,2,1
341,659618,5242880,5,0
342,660533,5242880,5,0
343,661448,102400,2,2
344,663278,1048576,4,3
345,664193,10485760,6,5
346,664193,102400,2,4
347,664193,5242880,5,3
348,665108,1048576,4,6
349,665108,512000,3,0
350,666022,102400,2,2
351,669682,5242880,5,6
352,674256,5242880,5,0
353,675171,102400,2,4
354,680660,5242880,5,6
355,680660,5242880,5,6
356,684320,5242880,5,1
357,687064,5242880,5,3
358,690724,5242880,5,2
359,691639,5242880,5,1
360,695298,1024,0,6
361,700787,102400,2,0
362,704447,512000,3,6
363,705362,5242880,5,4
364,705362,5242880,5,4
365,706277,10485760,6,4
366,707191,5242880,5,6
367,709021,10485760,6,1
368,709936,10485760,6,0
369,710851,5242880,5,5
370,710851,5242880,5,0
371,711766,5242880,5,4
372,711766,512000,3,1
373,712681,10485760,6,2
374,713595,5242880,5,3
375,713595,5242880,5,4
376,714510,5242880,5,2
377,715425,5242880,5,4
378,716340,10485760,6,6
379,717255,1048576,4,5
380,717255,10485760,6,4
381,719085,512000,3,0
382,720000,5242880,5,0
383,720000,1048576,4,0
384,720000,5242880,5,2
385,720914,10485760,6,6
386,722744,10485760,6,1
387,723659,5242880,5,2
388,724574,5242880,5,3
389,724574,102400,2,5
390,725489,5242880,5,5
391,725489,10485760,6,3
392,727318,5242880,5,3
393,727318,10485760,6,0
394,729148,10485760,6,3
395,729148,512000,3,5
396,730063,5242880,5,2
397,730978,10485760,6,5
398,731893,5242880,5,6
399,731893,102400,2,0
400,731893,5242880,5,0
401,732808,5242880,5,0
402,733722,10485760,6,2
403,734637,5242880,5,0
404,735552,102400,2,6
405,736467,5242880,5,2
406,736467,102400,2,5
407,737382,5242880,5,6
408,737382,10485760,6,6
409,740127,5242880,5,3
410,741041,5242880,5,2
411,741956,102400,2,6
412,742871,5242880,5,1
413,742871,512000,3,0
414,748360,102400,2,1
415,749275,512000,3,4
416,749275,5242880,5,1
417,750190,5242880,5,3
418,750190,102400,2,0
419,753850,5242880,5,1
420,754764,10485760,6,3
421,763913,10485760,6,6
422,766658,10240,1,5
423,773062,10485760,6,3
424,773977,5242880,5,6
425,777636,10485760,6,1
426,778551,102400,2,2
427,778551,10485760,6,3
428,779466,102400,2,2
429,779466,1048576,4,2
430,780381,102400,2,6
431,780381,512000,3,6
432,781296,102400,2,4
433,782210,102400,2,5
434,782210,10485760,6,4
435,782210,10485760,6,3
436,783125,102400,2,0
437,784040,5242880,5,0
438,784040,10240,1,1
439,784040,1048576,4,3
440,784955,102400,2,0
441,784955,102400,2,4
442,785870,102400,2,2
443,786785,5242880,5,3
444,786785,102400,2,2
445,787700,102400,2,3
446,788614,102400,2,2
447,788614,102400,2,2
448,788614,5242880,5,2
449,789529,102400,2,4
450,789529,102400,2,6
451,790444,102400,2,2
452,790444,1024,0,2
453,791359,102400,2,2
454,791359,512000,3,1
455,791359,10485760,6,2
456,793189,102400,2,1
457,794104,5242880,5,4
458,795933,5242880,5,2
459,796848,1048576,4,2
460,800508,5242880,5,1
461,802337,512000,3,4
462,803252,102400,2,5
463,803252,1048576,4,6
464,804167,102400,2,5
465,805082,102400,2,6
466,805997,102400,2,3
467,805997,5242880,5,6
468,806912,102400,2,2
469,807827,102400,2,1
470,808742,102400,2,5
471,809656,102400,2,6
472,810571,512000,3,2
473,810571,5242880,5,6
474,814231,5242880,5,5
475,819720,102400,2,2
476,820635,5242880,5,2
477,820635,102400,2,0
478,820635,102400,2,0
479,822465,102400,2,5
480,823379,102400,2,0
481,825209,5242880,5,2
482,825209,102400,2,3
483,827039,512000,3,1
484,827954,102400,2,3
485,828869,5242880,5,4
486,828869,102400,2,0
487,829783,10485760,6,1
488,830698,102400,2,2
489,831613,102400,2,1
490,832528,512000,3,4
491,832528,512000,3,6
492,832528,1048576,4,5
493,833443,512000,3,6
494,833443,102400,2,3
495,835273,102400,2,1
496,837102,102400,2,3
497,837102,102400,2,1
498,838017,102400,2,5
499,838932,102400,2,0
500,839847,102400,2,5
501,840762,5242880,5,2
502,840762,102400,2,0
503,841677,512000,3,6
504,841677,512000,3,2
505,843506,5242880,5,6
506,845336,1024,0,3
507,845336,102400,2,3
508,848081,10485760,6,3
509,849911,5242880,5,6
510,851740,512000,3,4
511,852655,10485760,6,2
512,855400,5242880,5,3
513,856315,102400,2,2
514,858144,5242880,5,2
515,858144,102400,2,0
516,859059,102400,2,3
517,859059,10485760,6,2
518,861804,512000,3,3
519,862719,10485760,6,5
520,863634,102400,2,2
521,864548,102400,2,5
522,864548,102400,2,3
523,865463,102400,2,1
524,868208,10485760,6,5
525,870952,10485760,6,1
526,874612,5242880,5,3
527,875527,5242880,5,5
528,880101,512000,3,6
529,881931,102400,2,6
530,884675,10485760,6,6
531,885590,102400,2,6
532,887420,5242880,5,4
533,889250,512000,3,1
534,889250,512000,3,1
535,893824,102400,2,5
536,895654,512000,3,6
537,897484,512000,3,3
538,900228,10485760,6,6
539,902058,5242880,5,0
540,902058,102400,2,5
541,902973,10485760,6,1
542,902973,10485760,6,4
543,903888,10485760,6,3
544,903888,5242880,5,2
545,904803,10485760,6,5
546,908462,5242880,5,3
547,908462,5242880,5,0
548,909377,5242880,5,5
549,911207,10485760,6,3
550,913036,10485760,6,1
551,913951,5242880,5,3
552,913951,512000,3,1
553,915781,10485760,6,0
554,915781,10485760,6,4
555,917611,102400,2,5
556,922185,5242880,5,3
557,926759,10485760,6,3
558,926759,1048576,4,4
559,928589,1048576,4,3
560,930419,5242880,5,5
561,931334,10485760,6,5
562,931334,102400,2,2
563,932249,5242880,5,3
564,933163,5242880,5,2
565,934078,5242880,5,6
566,940482,5242880,5,6
567,940482,10485760,6,2
568,942312,5242880,5,3
569,943227,512000,3,5
570,943227,512000,3,1
571,944142,102400,2,2
572,945057,5242880,5,6
573,945057,512000,3,2
574,947801,512000,3,2
575,947801,102400,2,6
576,948716,512000,3,3
577,949631,5242880,5,2
578,950546,5242880,5,1
579,952376,1048576,4,6
580,956035,1024,0,2
581,956035,10485760,6,3
582,956950,10485760,6,1
583,957865,5242880,5,2
584,958780,102400,2,1
585,961524,1048576,4,6
586,962439,5242880,5,5
587,963354,10485760,6,1
588,964269,10485760,6,2
589,970673,512000,3,3
590,970673,1048576,4,6
591,971588,512000,3,5
592,971588,5242880,5,4
593,972503,512000,3,3
594,973418,102400,2,6
595,973418,512000,3,4
596,973418,102400,2,6
597,974332,5242880,5,1
598,974332,5242880,5,6
599,977992,512000,3,4
600,977992,5242880,5,1
601,979822,512000,3,6
602,979822,10485760,6,2
603,981651,10485760,6,1
604,983481,5242880,5,1
605,985311,10485760,6,5
606,986226,10485760,6,4
607,986226,5242880,5,6
608,987141,10485760,6,0
609,988055,512000,3,0
610,988970,512000,3,5
611,990800,102400,2,2
612,991715,10485760,6,1
613,991715,10485760,6,6
614,994459,5242880,5,6
615,996289,10485760,6,5
616,996289,512000,3,2
617,997204,512000,3,0
618,999949,5242880,5,0
619,999949,5242880,5,4
620,1004523,512000,3,5
621,1006353,1048576,4,5
622,1007268,5242880,5,6
623,1010927,512000,3,0
624,1010927,5242880,5,5
625,1012757,512000,3,0
626,1014587,102400,2,4
627,1015501,10485760,6,2
628,1017331,5242880,5,2
629,1018246,102400,2,4
630,1018246,5242880,5,1
631,1022820,5242880,5,3
632,1022820,102400,2,5
633,1024650,102400,2,4
634,1026480,10485760,6,6
635,1028310,1048576,4,4
636,1030139,102400,2,0
637,1031054,5242880,5,5
638,1031054,10485760,6,3
639,1031969,102400,2,4
640,1032884,10485760,6,0
641,1036543,5242880,5,6
642,1038373,5242880,5,3
643,1041118,10485760,6,6
644,1042947,102400,2,2
645,1042947,5242880,5,1
646,1043862,5242880,5,3
647,1045692,512000,3,4
648,1046607,10485760,6,5
649,1050266,5242880,5,2
650,1058500,102400,2,1
651,1061245,5242880,5,0
652,1062160,512000,3,1
653,1063989,5242880,5,4
654,1068564,10485760,6,1
655,1069479,5242880,5,2
656,1073138,512000,3,1
657,1076797,5242880,5,2
658,1077712,512000,3,6
659,1080457,5242880,5,3
660,1089606,10485760,6,5
661,1092350,102400,2,2
662,1093265,102400,2,4
663,1094180,102400,2,4
664,1096010,102400,2,0
665,1102414,5242880,5,6
666,1102414,10485760,6,6
667,1105158,512000,3,5
668,1107903,5242880,5,4
669,1108818,102400,2,4
670,1110648,102400,2,0
671,1112477,102400,2,1
672,1113392,10485760,6,4
673,1121626,5242880,5,2
674,1124371,512000,3,4
675,1125285,512000,3,0
676,1126200,10485760,6,4
677,1127115,5242880,5,4
678,1129860,512000,3,0
679,1130775,5242880,5,5
680,1134434,102400,2,3
681,1135349,5242880,5,0
682,1136264,102400,2,2
683,1137179,102400,2,3
684,1138094,102400,2,0
685,1138094,102400,2,3
686,1139008,512000,3,0
687,1139008,512000,3,1
688,1141753,102400,2,5
689,1141753,512000,3,6
690,1142668,102400,2,5
691,1143583,102400,2,5
692,1144498,102400,2,2
693,1146327,5242880,5,3
694,1147242,512000,3,3
695,1147242,10485760,6,5
696,1148157,102400,2,4
697,1149072,512000,3,5
698,1149072,102400,2,2
699,1149987,512000,3,6
700,1150902,512000,3,1
701,1151817,102400,2,3
702,1151817,512000,3,1
703,1152731,512000,3,0
704,1153646,512000,3,1
705,1153646,10485760,6,6
706,1154561,512000,3,2
707,1155476,5242880,5,5
708,1157306,5242880,5,0
709,1158221,5242880,5,6
710,1160050,10485760,6,5
711,1160965,5242880,5,3
712,1161880,512000,3,6
713,1162795,5242880,5,0
714,1170114,512000,3,5
715,1172858,10485760,6,1
716,1175603,512000,3,0
717,1177433,102400,2,2
718,1180177,102400,2,6
719,1182007,5242880,5,4
720,1182922,102400,2,3
721,1183837,5242880,5,6
722,1183837,5242880,5,6
723,1184752,5242880,5,5
724,1188411,5242880,5,2
725,1192986,5242880,5,5
726,1195730,102400,2,3
727,1198475,102400,2,2
728,1198475,102400,2,3
729,1200304,10485760,6,5
730,1203049,10485760,6,6
731,1208538,5242880,5,4
732,1209453,102400,2,2
733,1210368,102400,2,1
734,1211283,102400,2,1
735,1211283,102400,2,4
736,1212198,102400,2,0
737,1217687,5242880,5,2
738,1219517,512000,3,4
739,1222261,10485760,6,1
740,1223176,1048576,4,2
741,1225006,1048576,4,0
742,1227750,1048576,4,3
743,1229580,1048576,4,5
744,1230495,10485760,6,1
745,1231410,1048576,4,0
746,1231410,5242880,5,3
747,1232325,1048576,4,0
748,1233240,102400,2,0
749,1233240,1048576,4,0
750,1234155,512000,3,5
751,1234155,5242880,5,3
752,1235984,1048576,4,5
753,1236899,1048576,4,3
754,1237814,512000,3,4
755,1237814,512000,3,2
756,1237814,5242880,5,2
757,1238729,512000,3,3
758,1238729,1048576,4,6
759,1239644,1048576,4,2
760,1240559,1048576,4,3
761,1241473,1048576,4,2
762,1242388,1048576,4,4
763,1243303,1048576,4,0
764,1243303,102400,2,2
765,1244218,1048576,4,1
766,1245133,5242880,5,3
767,1246048,5242880,5,0
768,1246963,5242880,5,0
769,1247878,1048576,4,4
770,1247878,512000,3,2
771,1248792,1048576,4,2
772,1248792,5242880,5,4
773,1249707,512000,3,2
774,1249707,1048576,4,6
775,1253367,512000,3,0
776,1255196,512000,3,4
777,1256111,5242880,5,2
778,1257026,5242880,5,1
779,1257941,102400,2,5
780,1263430,512000,3,3
781,1265260,102400,2,6
782,1266175,5242880,5,5
783,1268005,102400,2,4
784,1268919,10485760,6,3
785,1268919,1048576,4,3
786,1271664,5242880,5,2
787,1273494,5242880,5,6
788,1281728,102400,2,4
789,1282642,5242880,5,4
790,1285387,512000,3,2
791,1288132,10485760,6,3
792,1289047,102400,2,0
793,1289961,102400,2,6
794,1289961,102400,2,2
795,1290876,5242880,5,0
796,1291791,102400,2,4
797,1293621,5242880,5,1
798,1293621,5242880,5,2
799,1296365,512000,3,1
800,1297280,5242880,5,0
801,1297280,5242880,5,2
802,1298195,5242880,5,1
803,1299110,1024,0,0
804,1299110,512000,3,2
805,1304599,1048576,4,2
806,1307344,512000,3,5
807,1309174,5242880,5,1
808,1317407,10485760,6,6
809,1318322,5242880,5,1
810,1319237,102400,2,5
811,1321982,1048576,4,4
812,1324726,5242880,5,1
813,1324726,10485760,6,6
814,1329301,102400,2,0
815,1329301,5242880,5,1
816,1332045,10485760,6,0
817,1334790,5242880,5,5
818,1342109,5242880,5,3
819,1343024,5242880,5,5
820,1344853,512000,3,6
821,1347598,10485760,6,0
822,1348513,102400,2,6
823,1348513,512000,3,2
824,1350343,5242880,5,6
825,1351257,102400,2,0
826,1353087,512000,3,1
827,1353087,102400,2,2
828,1357662,1048576,4,3
829,1357662,102400,2,5
830,1365895,102400,2,2
831,1366810,5242880,5,2
832,1368640,102400,2,0
833,1368640,512000,3,2
834,1369555,102400,2,2
835,1369555,5242880,5,3
836,1371385,102400,2,1
837,1372299,102400,2,5
838,1373214,5242880,5,0
839,1374129,1048576,4,6
840,1375959,102400,2,4
841,1375959,102400,2,2
842,1375959,1048576,4,6
843,1379618,1024,0,3
844,1384193,102400,2,2
845,1385108,5242880,5,3
846,1385108,5242880,5,6
847,1389682,5242880,5,1
848,1393341,5242880,5,5
849,1393341,5242880,5,6
850,1394256,5242880,5,4
851,1394256,5242880,5,5
852,1395171,10485760,6,2
853,1395171,5242880,5,6
854,1397001,5242880,5,3
855,1397916,10485760,6,2
856,1398831,512000,3,6
857,1400660,512000,3,6
858,1400660,10485760,6,1
859,1401575,1048576,4,6
860,1404320,10485760,6,4
861,1411639,10485760,6,0
862,1413468,102400,2,1
863,1414383,5242880,5,0
864,1415298,512000,3,0
865,1417128,102400,2,0
866,1418043,5242880,5,0
867,1419872,10485760,6,5
868,1420787,102400,2,4
869,1428106,5242880,5,2
870,1430851,5242880,5,5
871,1430851,10485760,6,2
872,1433595,10485760,6,3
873,1440000,512000,3,1
874,1450978,5242880,5,5
875,1452808,10485760,6,5
876,1454637,102400,2,3
877,1455552,102400,2,6
878,1458297,5242880,5,6
879,1461041,10485760,6,2
880,1461956,102400,2,4
881,1467445,10485760,6,4
882,1470190,1048576,4,2
883,1472020,1048576,4,6
884,1472935,102400,2,4
885,1472935,1024,0,0
886,1474764,5242880,5,3
887,1475679,102400,2,3
888,1476594,5242880,5,5
889,1477509,1048576,4,2
890,1483913,5242880,5,5
891,1485743,10485760,6,5
892,1489402,102400,2,2
893,1491232,5242880,5,3
894,1495806,5242880,5,6
895,1499466,5242880,5,6
896,1502210,102400,2,3
897,1504040,5242880,5,6
898,1504955,5242880,5,3
899,1505870,10485760,6,1
900,1507700,5242880,5,4
901,1509529,5242880,5,5
902,1512274,5242880,5,0
903,1512274,10485760,6,5
904,1515019,1048576,4,6
905,1515933,10240,1,3
906,1518678,5242880,5,3
907,1524167,5242880,5,1
908,1525997,102400,2,1
909,1533316,5242880,5,5
910,1536975,5242880,5,2
911,1537890,102400,2,1
912,1537890,10485760,6,6
913,1539720,5242880,5,2
914,1543379,5242880,5,1
915,1545209,1048576,4,5
916,1545209,10485760,6,4
917,1547954,102400,2,2
918,1549783,1024,0,2
919,1553443,512000,3,1
920,1554358,512000,3,4
921,1555273,5242880,5,6
922,1557102,512000,3,2
923,1558017,512000,3,4
924,1559847,512000,3,4
925,1559847,102400,2,0
926,1561677,512000,3,5
927,1563506,5242880,5,3
928,1564421,5242880,5,2
929,1565336,512000,3,3
930,1566251,5242880,5,2
931,1568081,512000,3,5
932,1569911,512000,3,0
933,1571740,512000,3,1
934,1571740,512000,3,3
935,1572655,102400,2,4
936,1573570,10485760,6,4
937,1575400,512000,3,6
938,1576315,512000,3,6
939,1576315,5242880,5,1
940,1576315,10485760,6,3
941,1577229,512000,3,1
942,1578144,512000,3,6
943,1579974,512000,3,6
944,1580889,512000,3,3
945,1583634,512000,3,2
946,1583634,10485760,6,3
947,1584548,512000,3,5
948,1586378,512000,3,2
949,1587293,512000,3,3
950,1590038,5242880,5,4
951,1590038,5242880,5,6
952,1590952,512000,3,6
953,1593697,10240,1,6
954,1594612,512000,3,1
955,1595527,512000,3,6
956,1598271,5242880,5,6
957,1599186,512000,3,5
958,1602846,512000,3,0
959,1603761,512000,3,0
960,1604675,5242880,5,2
961,1606505,512000,3,3
962,1607420,10485760,6,5
963,1609250,512000,3,4
964,1610165,102400,2,4
965,1611080,512000,3,6
966,1611994,512000,3,4
967,1611994,10485760,6,0
968,1613824,5242880,5,1
969,1619313,102400,2,0
970,1626632,102400,2,4
971,1632121,5242880,5,2
972,1633036,102400,2,3
973,1633036,102400,2,5
974,1634866,102400,2,5
975,1634866,102400,2,3
976,1635781,10485760,6,1
977,1637611,102400,2,1
978,1637611,102400,2,0
979,1637611,1048576,4,6
980,1639440,102400,2,4
981,1639440,102400,2,4
982,1642185,102400,2,6
983,1642185,5242880,5,5
984,1646759,102400,2,1
985,1648589,102400,2,3
986,1651334,5242880,5,5
987,1652249,102400,2,1
988,1655908,102400,2,6
989,1655908,102400,2,0
990,1657738,102400,2,1
991,1657738,5242880,5,3
992,1658653,102400,2,3
993,1658653,5242880,5,1
994,1659567,5242880,5,3
995,1659567,5242880,5,0
996,1659567,5242880,5,0
997,1660482,102400,2,6
998,1664142,5242880,5,1
999,1664142,102400,2,1
1000,1665057,102400,2,1
1001,1666886,5242880,5,2
1002,1666886,5242880,5,2
1003,1669631,102400,2,5
1004,1672376,10485760,6,5
1005,1672376,10485760,6,2
1006,1678780,10240,1,1
1007,1678780,10485760,6,1
1008,1679695,102400,2,2
1009,1687013,102400,2,3
1010,1688843,5242880,5,5
1011,1697077,512000,3,6
1012,1707141,5242880,5,6
1013,1708055,1048576,4,4
1014,1709885,1048576,4,2
1015,1712630,102400,2,1
1016,1713545,1048576,4,1
1017,1715374,5242880,5,3
1018,1715374,10485760,6,2
1019,1715374,5242880,5,6
1020,1716289,5242880,5,3
1021,1717204,5242880,5,0
1022,1717204,102400,2,6
1023,1717204,5242880,5,1
1024,1719949,512000,3,2
1025,1721778,102400,2,5
1026,1724523,102400,2,2
1027,1730927,5242880,5,4
1028,1730927,10485760,6,1
1029,1730927,5242880,5,5
1030,1735501,512000,3,2
1031,1736416,512000,3,6
1032,1737331,1048576,4,0
1033,1738246,5242880,5,5
1034,1741905,102400,2,6
1035,1746480,10240,1,1
1036,1746480,5242880,5,3
1037,1750139,1048576,4,2
1038,1755628,10485760,6,0
1039,1756543,5242880,5,6
1040,1759288,102400,2,4
1041,1762033,5242880,5,3
1042,1767522,102400,2,3
1043,1776670,5242880,5,0
1044,1778500,5242880,5,5
1045,1779415,10485760,6,3
1046,1789479,102400,2,2
1047,1789479,10485760,6,2
1048,1793138,10485760,6,1
1049,1794968,5242880,5,1
1050,1795883,5242880,5,2
1051,1796797,10485760,6,5
1052,1801372,5242880,5,0
1053,1803202,5242880,5,1
1054,1803202,512000,3,4
1055,1808691,5242880,5,3
1056,1810520,5242880,5,2
1057,1811435,5242880,5,5
1058,1812350,5242880,5,5
1059,1820584,5242880,5,3
1060,1821499,512000,3,5
1061,1824243,5242880,5,0
1062,1833392,5242880,5,1
1063,1835222,10240,1,6
1064,1838881,102400,2,4
1065,1839796,512000,3,3
1066,1839796,5242880,5,0
1067,1843456,512000,3,1
1068,1844371,5242880,5,0
1069,1845285,512000,3,0
1070,1845285,5242880,5,4
1071,1845285,512000,3,2
1072,1845285,1024,0,2
1073,1847115,512000,3,4
1074,1848030,5242880,5,5
1075,1849860,5242880,5,6
1076,1849860,512000,3,0
1077,1852604,1024,0,1
1078,1856264,102400,2,0
1079,1856264,5242880,5,6
1080,1859923,5242880,5,1
1081,1859923,5242880,5,1
1082,1859923,102400,2,0
1083,1865412,512000,3,2
1084,1866327,512000,3,2
1085,1866327,10485760,6,0
1086,1867242,102400,2,0
1087,1869072,10485760,6,6
1088,1869987,5242880,5,4
1089,1869987,512000,3,3
1090,1869987,512000,3,5
1091,1870902,102400,2,2
1092,1870902,10485760,6,1
1093,1870902,512000,3,0
1094,1871817,512000,3,2
1095,1872731,512000,3,5
1096,1872731,512000,3,0
1097,1873646,10485760,6,3
1098,1873646,512000,3,2
1099,1873646,5242880,5,6
1100,1874561,512000,3,6
1101,1875476,1048576,4,5
1102,1876391,102400,2,6
1103,1876391,1048576,4,1
1104,1877306,1048576,4,6
1105,1878221,1048576,4,2
1106,1878221,102400,2,0
1107,1879135,102400,2,2
1108,1880050,1024,0,5
1109,1880965,1048576,4,4
1110,1880965,5242880,5,1
1111,1881880,5242880,5,6
1112,1881880,1048576,4,4
1113,1885540,5242880,5,3
1114,1887369,102400,2,6
1115,1888284,102400,2,1
1116,1888284,102400,2,3
1117,1891944,5242880,5,5
1118,1893773,5242880,5,4
1119,1894688,10240,1,2
1120,1894688,5242880,5,1
1121,1896518,102400,2,3
1122,1897433,5242880,5,1
1123,1898348,5242880,5,2
1124,1902922,5242880,5,3
1125,1902922,5242880,5,3
1126,1904752,5242880,5,2
1127,1905667,102400,2,6
1128,1906581,5242880,5,2
1129,1906581,512000,3,6
1130,1907496,102400,2,2
1131,1909326,102400,2,0
1132,1910241,1024,0,0
1133,1911156,102400,2,5
1134,1914815,5242880,5,0
1135,1914815,512000,3,4
1136,1921219,5242880,5,6
1137,1925794,5242880,5,1
1138,1926709,102400,2,1
1139,1935857,10485760,6,6
1140,1937687,512000,3,4
1141,1939517,102400,2,3
1142,1941346,10485760,6,4
1143,1941346,5242880,5,5
1144,1942261,102400,2,3
1145,1942261,512000,3,1
1146,1943176,512000,3,6
1147,1944091,102400,2,4
1148,1947750,102400,2,2
1149,1948665,102400,2,3
1150,1949580,5242880,5,3
1151,1950495,512000,3,3
1152,1951410,102400,2,4
1153,1953240,10240,1,4
1154,1953240,512000,3,1
1155,1956899,5242880,5,1
1156,1956899,102400,2,2
1157,1958729,5242880,5,4
1158,1959644,10485760,6,2
1159,1971537,5242880,5,3
1160,1973367,10485760,6,4
1161,1976111,512000,3,4
1162,1977941,5242880,5,3
1163,1978856,512000,3,6
1164,1979771,1048576,4,6
1165,1981601,5242880,5,5
1166,1982515,102400,2,5
1167,1983430,10485760,6,2
1168,1984345,512000,3,5
1169,1987090,5242880,5,4
1170,1987090,512000,3,0
1171,1988919,5242880,5,4
1172,1988919,5242880,5,0
1173,1988919,512000,3,5
1174,1988919,10240,1,3
1175,1988919,10240,1,5
1176,1991664,5242880,5,3
1177,1993494,102400,2,1
1178,1994409,1048576,4,5
1179,1997153,512000,3,6
1180,1997153,512000,3,4
1181,1998068,5242880,5,6
1182,2006302,5242880,5,2
1183,2008132,512000,3,6
1184,2009047,5242880,5,3
1185,2012706,102400,2,0
1186,2014536,512000,3,2
1187,2014536,512000,3,0
1188,2018195,512000,3,3
1189,2020940,512000,3,3
1190,2022770,5242880,5,6
1191,2023684,102400,2,5
1192,2024599,512000,3,3
1193,2024599,102400,2,0
1194,2026429,1048576,4,6
1195,2028259,512000,3,5
1196,2029174,5242880,5,0
1197,2034663,5242880,5,2
1198,2035578,102400,2,4
1199,2035578,5242880,5,3
1200,2036493,102400,2,3
1201,2040152,102400,2,4
1202,2040152,512000,3,5
1203,2042897,102400,2,3
1204,2044726,102400,2,1
1205,2044726,512000,3,6
1206,2045641,512000,3,5
1207,2046556,102400,2,4
1208,2046556,512000,3,2
1209,2061194,10485760,6,5
1210,2063024,512000,3,5
1211,2063939,5242880,5,4
1212,2068513,10485760,6,0
1213,2074917,102400,2,6
1214,2079491,5242880,5,5
1215,2080406,102400,2,2
1216,2081321,102400,2,2
1217,2084066,512000,3,4
1218,2084980,5242880,5,3
1219,2088640,102400,2,3
1220,2089555,5242880,5,0
1221,2089555,512000,3,6
1222,2090470,512000,3,6
1223,2090470,5242880,5,5
1224,2090470,102400,2,6
1225,2099618,5242880,5,1
1226,2100533,102400,2,0
1227,2106937,5242880,5,1
1228,2109682,512000,3,3
1229,2111512,5242880,5,3
1230,2113341,5242880,5,4
1231,2121575,512000,3,4
1232,2126149,10485760,6,0
1233,2133468,5242880,5,4
1234,2134383,102400,2,0
1235,2136213,5242880,5,1
1236,2138958,5242880,5,4
1237,2142617,5242880,5,3
1238,2149021,5242880,5,5
1239,2152681,5242880,5,6
1240,2153595,5242880,5,0
1241,2153595,512000,3,4
1242,2155425,5242880,5,2
1243,2158170,1048576,4,3
1244,2165489,512000,3,0
1245,2165489,102400,2,0
1246,2171893,5242880,5,4
1247,2171893,10485760,6,5
1248,2174637,1048576,4,2
1249,2176467,1048576,4,1
1250,2177382,1048576,4,0
1251,2179212,5242880,5,5
1252,2181041,5242880,5,5
1253,2181956,5242880,5,6
1254,2183786,10485760,6,2
1255,2184701,102400,2,5
1256,2185616,512000,3,3
1257,2186531,1048576,4,6
1258,2189275,512000,3,3
1259,2190190,1048576,4,4
1260,2194764,5242880,5,6
1261,2199339,102400,2,2
1262,2199339,5242880,5,5
1263,2201168,5242880,5,1
1264,2202998,1048576,4,0
1265,2203913,512000,3,4
1266,2204828,102400,2,4
1267,2205743,1048576,4,6
1268,2205743,512000,3,3
1269,2205743,5242880,5,5
1270,2208487,5242880,5,4
1271,2210317,10485760,6,4
1272,2215806,512000,3,0
1273,2218551,5242880,5,2
1274,2220381,5242880,5,5
1275,2222210,512000,3,3
1276,2225870,102400,2,3
1277,2229529,512000,3,2
1278,2230444,1048576,4,5
1279,2233189,5242880,5,5
1280,2237763,512000,3,5
1281,2239593,512000,3,6
1282,2240508,10485760,6,4
1283,2241423,512000,3,6
1284,2245082,102400,2,1
1285,2245997,512000,3,5
1286,2245997,10485760,6,5
1287,2246912,5242880,5,0
1288,2247827,102400,2,5
1289,2248742,1048576,4,1
1290,2251486,102400,2,0
1291,2251486,102400,2,6
1292,2251486,5242880,5,1
1293,2256060,512000,3,6
1294,2256975,5242880,5,1
1295,2256975,102400,2,3
1296,2257890,5242880,5,0
1297,2257890,5242880,5,0
1298,2259720,10485760,6,1
1299,2261550,512000,3,2
1300,2265209,512000,3,5
1301,2266124,512000,3,3
1302,2268869,102400,2,6
1303,2269783,10485760,6,6
1304,2270698,1048576,4,3
1305,2273443,102400,2,1
1306,2274358,10485760,6,6
1307,2276188,1048576,4,6
1308,2276188,102400,2,0
1309,2278017,102400,2,2
1310,2278932,102400,2,5
1311,2279847,5242880,5,0
1312,2282592,102400,2,0
1313,2283506,10485760,6,3
1314,2286251,1048576,4,0
1315,2286251,5242880,5,4
1316,2293570,1048576,4,0
1317,2295400,102400,2,6
1318,2298144,5242880,5,3
1319,2303634,5242880,5,2
1320,2306378,1048576,4,1
1321,2308208,5242880,5,4
1322,2309123,10485760,6,6
1323,2310038,1048576,4,4
1324,2313697,512000,3,1
1325,2313697,5242880,5,2
1326,2319186,512000,3,5
1327,2321931,5242880,5,2
1328,2325590,1048576,4,2
1329,2325590,512000,3,4
1330,2326505,5242880,5,0
1331,2327420,5242880,5,5
1332,2330165,512000,3,2
1333,2331994,512000,3,4
1334,2334739,512000,3,1
1335,2334739,5242880,5,3
1336,2337484,5242880,5,3
1337,2339313,1048576,4,5
1338,2342058,102400,2,6
1339,2344803,512000,3,1
1340,2344803,512000,3,5
1341,2347547,5242880,5,6
1342,2351207,10240,1,6
1343,2352121,102400,2,4
1344,2354866,1048576,4,0
1345,2355781,5242880,5,3
1346,2362185,512000,3,0
1347,2362185,10485760,6,4
1348,2363100,5242880,5,0
1349,2374993,5242880,5,3
1350,2374993,512000,3,5
1351,2384142,1024,0,0
1352,2385972,512000,3,6
1353,2391461,10485760,6,0
1354,2392376,10485760,6,2
1355,2394205,10485760,6,3
1356,2395120,102400,2,3
1357,2397865,10485760,6,3
1358,2398780,5242880,5,2
1359,2398780,5242880,5,2
1360,2399695,5242880,5,4
1361,2405184,102400,2,0
1362,2407928,5242880,5,3
1363,2412503,102400,2,2
1364,2415247,102400,2,2
1365,2415247,5242880,5,6
1366,2415247,5242880,5,3
1367,2417992,102400,2,2
1368,2424396,10485760,6,5
1369,2426226,10485760,6,3
1370,2427141,5242880,5,2
1371,2430800,10485760,6,5
1372,2431715,5242880,5,0
1373,2431715,10240,1,1
1374,2434459,1024,0,1
1375,2439034,512000,3,5
1376,2439949,10485760,6,2
1377,2454587,5242880,5,2
1378,2460991,5242880,5,5
1379,2460991,5242880,5,0
1380,2462820,102400,2,5
1381,2465565,102400,2,6
1382,2466480,5242880,5,5
1383,2472884,512000,3,4
1384,2473799,102400,2,1
1385,2476543,5242880,5,1
1386,2477458,102400,2,4
1387,2485692,102400,2,5
1388,2485692,10240,1,2
1389,2486607,10485760,6,1
1390,2487522,102400,2,1
1391,2492096,102400,2,6
1392,2495756,5242880,5,0
1393,2496670,512000,3,5
1394,2496670,5242880,5,3
1395,2496670,5242880,5,0
1396,2496670,1048576,4,1
1397,2503989,102400,2,0
1398,2509479,1048576,4,3
1399,2513138,5242880,5,3
1400,2513138,102400,2,6
1401,2515883,5242880,5,3
1402,2518627,512000,3,2
1403,2518627,5242880,5,6
1404,2520457,5242880,5,1
1405,2522287,512000,3,2
1406,2523202,102400,2,5
1407,2523202,5242880,5,3
1408,2524116,102400,2,5
1409,2525031,102400,2,0
1410,2525031,102400,2,1
1411,2525946,5242880,5,1
1412,2528691,102400,2,6
1413,2528691,5242880,5,6
1414,2531435,1048576,4,5
1415,2535095,102400,2,2
1416,2537839,5242880,5,3
1417,2544243,10485760,6,0
1418,2544243,512000,3,3
1419,2547903,512000,3,0
1420,2549733,10485760,6,3
1421,2550648,10240,1,4
1422,2553392,10485760,6,1
1423,2554307,102400,2,3
1424,2556137,512000,3,4
1425,2557966,512000,3,3
1426,2557966,512000,3,2
1427,2557966,5242880,5,3
1428,2561626,512000,3,1
1429,2562541,5242880,5,0
1430,2563456,512000,3,4
1431,2564371,512000,3,3
1432,2565285,102400,2,6
1433,2565285,512000,3,0
1434,2566200,5242880,5,1
1435,2567115,102400,2,2
1436,2570775,102400,2,5
1437,2571689,102400,2,6
1438,2571689,5242880,5,6
1439,2572604,512000,3,2
1440,2572604,5242880,5,3
1441,2575349,512000,3,2
1442,2576264,512000,3,4
1443,2577179,512000,3,1
1444,2577179,102400,2,5
1445,2579008,102400,2,5
1446,2579008,512000,3,3
1447,2579923,5242880,5,6
1448,2580838,512000,3,5
1449,2581753,102400,2,1
1450,2581753,102400,2,1
1451,2582668,102400,2,0
1452,2583583,512000,3,5
1453,2584498,512000,3,1
1454,2585412,102400,2,3
1455,2586327,102400,2,0
1456,2587242,102400,2,1
1457,2587242,5242880,5,3
1458,2588157,102400,2,3
1459,2589987,512000,3,0
1460,2589987,512000,3,1
1461,2589987,5242880,5,0
1462,2590902,512000,3,2
1463,2591817,102400,2,6
1464,2592731,102400,2,1
1465,2592731,5242880,5,3
1466,2593646,512000,3,2
1467,2593646,512000,3,3
1468,2597306,5242880,5,3
1469,2598221,102400,2,5
1470,2599135,5242880,5,0
1471,2599135,5242880,5,1
1472,2605540,10485760,6,3
1473,2606454,512000,3,3
1474,2609199,102400,2,1
1475,2611944,102400,2,5
1476,2613773,10485760,6,6
1477,2614688,5242880,5,5
1478,2615603,102400,2,4
1479,2617433,512000,3,6
1480,2618348,102400,2,3
1481,2618348,102400,2,6
1482,2619263,5242880,5,2
1483,2620177,10485760,6,3
1484,2620177,5242880,5,5
1485,2627496,102400,2,3
1486,2629326,5242880,5,6
1487,2629326,10485760,6,1
1488,2635730,5242880,5,6
1489,2635730,5242880,5,5
1490,2636645,5242880,5,0
1491,2641219,102400,2,1
1492,2642134,5242880,5,5
1493,2642134,5242880,5,1
1494,2642134,5242880,5,2
1495,2643049,5242880,5,3
1496,2643964,10485760,6,5
1497,2649453,10485760,6,0
1498,2650368,10240,1,4
1499,2655857,5242880,5,3
1500,2656772,102400,2,2
1501,2662261,5242880,5,2
1502,2664091,10485760,6,6
1503,2664091,512000,3,2
1504,2665006,102400,2,5
1505,2665006,1048576,4,2
1506,2665006,5242880,5,6
1507,2665006,512000,3,5
1508,2665921,1048576,4,5
1509,2666836,1048576,4,1
1510,2667750,102400,2,6
1511,2668665,512000,3,5
1512,2668665,1048576,4,6
1513,2674155,5242880,5,4
1514,2675069,5242880,5,5
1515,2679644,102400,2,1
1516,2682388,5242880,5,3
1517,2683303,1048576,4,1
1518,2683303,102400,2,0
1519,2686048,102400,2,2
1520,2688792,5242880,5,2
1521,2691537,10485760,6,4
1522,2699771,5242880,5,2
1523,2703430,10485760,6,2
1524,2706175,5242880,5,0
1525,2709834,10485760,6,1
1526,2717153,5242880,5,3
1527,2730876,5242880,5,2
1528,2733621,1024,0,1
1529,2735451,512000,3,0
1530,2736365,5242880,5,4
1531,2737280,512000,3,2
1532,2739110,5242880,5,1
1533,2739110,5242880,5,2
1534,2740940,512000,3,1
1535,2740940,5242880,5,4
1536,2741855,5242880,5,1
1537,2742770,10485760,6,5
1538,2744599,1024,0,6
1539,2745514,5242880,5,5
1540,2747344,5242880,5,1
1541,2748259,5242880,5,0
1542,2748259,102400,2,5
1543,2749174,102400,2,3
1544,2750088,102400,2,3
1545,2751003,5242880,5,5
1546,2756493,10485760,6,4
1547,2758322,5242880,5,2
1548,2761982,1048576,4,6
1549,2762897,5242880,5,2
1550,2765641,102400,2,1
1551,2769301,5242880,5,5
1552,2770216,1048576,4,6
1553,2772960,512000,3,5
1554,2773875,5242880,5,4
1555,2788513,1024,0,0
1556,2791257,5242880,5,1
1557,2798576,5242880,5,5
1558,2799491,5242880,5,4
1559,2799491,5242880,5,4
1560,2801321,5242880,5,2
1561,2805895,5242880,5,4
1562,2808640,5242880,5,5
1563,2812299,5242880,5,3
1564,2812299,512000,3,1
1565,2818703,10485760,6,2
1566,2819618,102400,2,6
1567,2821448,5242880,5,4
1568,2822363,512000,3,2
1569,2822363,5242880,5,2
1570,2824193,5242880,5,6
1571,2846149,102400,2,4
1572,2847979,102400,2,3
1573,2851639,102400,2,2
1574,2854383,102400,2,5
1575,2855298,5242880,5,0
1576,2857128,102400,2,3
1577,2858043,102400,2,6
1578,2862617,1048576,4,6
1579,2864447,102400,2,4
1580,2894637,5242880,5,4
1581,2895552,5242880,5,2
1582,2900127,102400,2,6
1583,2901041,512000,3,0
1584,2903786,5242880,5,4
1585,2905616,1024,0,0
1586,2905616,5242880,5,4
1587,2907445,5242880,5,5
1588,2910190,102400,2,5
1589,2912935,512000,3,1
1590,2914764,512000,3,0
1591,2916594,1048576,4,1
1592,2919339,102400,2,2
1593,2920254,5242880,5,1
1594,2921168,10485760,6,5
1595,2921168,5242880,5,3
1596,2922083,102400,2,5
1597,2931232,5242880,5,5
1598,2931232,10485760,6,4
1599,2939466,1048576,4,1
1600,2940381,102400,2,0
1601,2940381,512000,3,3
1602,2944040,1048576,4,6
1603,2954104,102400,2,6
1604,2955933,5242880,5,0
1605,2959593,10485760,6,2
1606,2961423,512000,3,4
1607,2962337,5242880,5,0
1608,2969656,512000,3,2
1609,2972401,5242880,5,6
1610,2985209,5242880,5,6
1611,2985209,512000,3,0
1612,2989783,512000,3,6
1613,2991613,5242880,5,6
1614,3002592,5242880,5,4
1615,3006251,512000,3,0
1616,3009911,5242880,5,5
1617,3010825,102400,2,4
1618,3022719,1048576,4,4
1619,3024548,1024,0,0
1620,3025463,512000,3,1
1621,3025463,1048576,4,1
1622,3026378,512000,3,6
1623,3030952,512000,3,1
1624,3031867,512000,3,1
1625,3036442,5242880,5,0
1626,3037357,10485760,6,1
1627,3039186,5242880,5,5
1628,3041016,512000,3,2
1629,3041931,512000,3,5
1630,3041931,512000,3,6
1631,3041931,5242880,5,0
1632,3042846,512000,3,3
1633,3051080,102400,2,3
1634,3051994,5242880,5,1
1635,3062058,512000,3,1
1636,3066632,1048576,4,5
1637,3067547,5242880,5,5
1638,3079440,5242880,5,5
1639,3083100,5242880,5,3
1640,3085844,512000,3,2
1641,3088589,102400,2,5
1642,3088589,102400,2,2
1643,3090419,5242880,5,6
1644,3090419,102400,2,0
1645,3092249,512000,3,1
1646,3093163,512000,3,2
1647,3095908,5242880,5,2
1648,3098653,1048576,4,3
1649,3098653,5242880,5,0
1650,3099567,512000,3,2
1651,3100482,512000,3,0
1652,3100482,1024,0,1
1653,3101397,5242880,5,2
1654,3102312,512000,3,4
1655,3103227,512000,3,3
1656,3103227,5242880,5,1
1657,3104142,512000,3,3
1658,3105057,512000,3,4
1659,3105057,102400,2,0
1660,3105972,512000,3,3
1661,3106886,512000,3,0
1662,3107801,512000,3,5
1663,3109631,512000,3,0
1664,3109631,10485760,6,4
1665,3110546,512000,3,5
1666,3112376,512000,3,6
1667,3113290,512000,3,5
1668,3114205,512000,3,5
1669,3114205,5242880,5,3
1670,3115120,512000,3,3
1671,3116035,512000,3,2
1672,3116035,512000,3,3
1673,3117865,5242880,5,1
1674,3118780,512000,3,0
1675,3119695,512000,3,0
1676,3121524,512000,3,1
1677,3122439,512000,3,1
1678,3123354,1048576,4,5
1679,3125184,512000,3,1
1680,3126099,512000,3,6
1681,3126099,5242880,5,4
1682,3127928,512000,3,3
1683,3129758,512000,3,2
1684,3132503,512000,3,6
1685,3133418,512000,3,1
1686,3133418,512000,3,1
1687,3135247,512000,3,1
1688,3136162,512000,3,6
1689,3137077,512000,3,2
1690,3137077,102400,2,1
1691,3137992,512000,3,3
1692,3138907,512000,3,4
1693,3141651,512000,3,5
1694,3141651,5242880,5,0
1695,3142566,512000,3,1
1696,3143481,512000,3,6
1697,3143481,512000,3,6
1698,3144396,512000,3,1
1699,3146226,10485760,6,3
1700,3147141,512000,3,2
1701,3148055,512000,3,5
1702,3148055,5242880,5,5
1703,3149885,10485760,6,6
1704,3150800,512000,3,0
1705,3154459,512000,3,3
1706,3155374,1048576,4,1
1707,3158119,102400,2,5
1708,3160864,102400,2,0
1709,3160864,5242880,5,5
1710,3161778,102400,2,2
1711,3163608,102400,2,3
1712,3163608,102400,2,5
1713,3163608,5242880,5,4
1714,3164523,102400,2,4
1715,3165438,102400,2,2
1716,3166353,102400,2,1
1717,3166353,102400,2,4
1718,3166353,5242880,5,4
1719,3166353,102400,2,6
1720,3167268,102400,2,5
1721,3167268,102400,2,0
1722,3168182,10485760,6,4
1723,3170012,512000,3,1
1724,3170012,102400,2,4
1725,3171842,10485760,6,6
1726,3172757,102400,2,3
1727,3172757,102400,2,3
1728,3173672,102400,2,4
1729,3176416,512000,3,6
1730,3180991,102400,2,4
1731,3181905,102400,2,1
1732,3190139,10485760,6,0
1733,3190139,10485760,6,3
1734,3196543,512000,3,4
1735,3196543,5242880,5,1
1736,3199288,5242880,5,0
1737,3206607,102400,2,5
1738,3222160,1024,0,6
1739,3223074,5242880,5,3
1740,3225819,102400,2,1
1741,3226734,512000,3,1
1742,3227649,5242880,5,2
1743,3227649,512000,3,1
1744,3229479,102400,2,1
1745,3231308,102400,2,1
1746,3232223,1048576,4,3
1747,3233138,102400,2,5
1748,3234968,102400,2,5
1749,3236797,102400,2,2
1750,3236797,1048576,4,3
1751,3238627,5242880,5,1
1752,3245031,1048576,4,1
1753,3245946,5242880,5,5
1754,3248691,5242880,5,1
1755,3248691,5242880,5,3
1756,3251435,5242880,5,3
1757,3255095,5242880,5,2
1758,3264243,5242880,5,1
1759,3265158,10485760,6,3
1760,3275222,1048576,4,4
1761,3276137,102400,2,1
1762,3277052,102400,2,3
1763,3277966,102400,2,2
1764,3278881,10485760,6,0
1765,3278881,102400,2,4
1766,3279796,102400,2,1
1767,3281626,102400,2,2
1768,3285285,5242880,5,2
1769,3286200,102400,2,6
1770,3289860,5242880,5,6
1771,3289860,102400,2,5
1772,3290775,102400,2,1
1773,3293519,10485760,6,3
1774,3293519,10485760,6,4
1775,3296264,512000,3,2
1776,3296264,512000,3,2
1777,3299008,102400,2,0
1778,3299923,512000,3,4
1779,3302668,5242880,5,4
1780,3309072,512000,3,0
1781,3311817,5242880,5,0
1782,3320050,5242880,5,6
1783,3321880,10485760,6,2
1784,3324625,5242880,5,2
1785,3324625,512000,3,2
1786,3325540,5242880,5,0
1787,3331944,512000,3,1
1788,3331944,512000,3,0
1789,3333773,5242880,5,2
1790,3333773,102400,2,4
1791,3334688,512000,3,4
1792,3336518,512000,3,4
1793,3343837,102400,2,6
1794,3344752,5242880,5,6
1795,3345667,1048576,4,5
1796,3350241,5242880,5,1
1797,3354815,10485760,6,2
1798,3354815,5242880,5,4
1799,3355730,5242880,5,4
1800,3361219,102400,2,3
1801,3363049,5242880,5,6
1802,3363964,512000,3,2
1803,3363964,5242880,5,0
1804,3364879,10240,1,3
1805,3365794,102400,2,1
1806,3366709,5242880,5,0
1807,3368538,1048576,4,3
1808,3368538,5242880,5,2
1809,3369453,512000,3,5
1810,3370368,10485760,6,4
1811,3371283,102400,2,0
1812,3374027,10485760,6,2
1813,3379517,5242880,5,1
1814,3380432,512000,3,1
1815,3382261,1048576,4,5
1816,3383176,5242880,5,1
1817,3383176,5242880,5,5
1818,3385006,5242880,5,2
1819,3387750,5242880,5,4
1820,3391410,5242880,5,4
1821,3393240,102400,2,2
1822,3397814,512000,3,6
1823,3397814,5242880,5,6
1824,3398729,512000,3,5
1825,3399644,5242880,5,6
1826,3402388,102400,2,1
1827,3403303,5242880,5,0
1828,3403303,10485760,6,4
1829,3404218,5242880,5,2
1830,3405133,512000,3,5
1831,3406963,512000,3,6
1832,3407878,512000,3,3
1833,3415196,5242880,5,3
1834,3417026,5242880,5,5
1835,3419771,10240,1,1
1836,3421601,512000,3,2
1837,3422515,10485760,6,6
1838,3428005,5242880,5,3
1839,3428005,102400,2,1
1840,3428919,1048576,4,3
1841,3429834,10485760,6,1
1842,3429834,5242880,5,1
1843,3430749,5242880,5,6
1844,3431664,1048576,4,2
1845,3433494,5242880,5,0
1846,3433494,512000,3,6
1847,3435324,512000,3,2
1848,3438983,5242880,5,1
1849,3439898,512000,3,6
1850,3440813,10485760,6,3
1851,3443557,1048576,4,6
1852,3444472,5242880,5,6
1853,3447217,512000,3,4
1854,3447217,102400,2,6
1855,3447217,5242880,5,3
1856,3448132,512000,3,5
1857,3448132,5242880,5,3
1858,3448132,512000,3,0
1859,3449047,512000,3,0
1860,3449961,5242880,5,6
1861,3452706,10240,1,0
1862,3453621,512000,3,5
1863,3455451,512000,3,1
1864,3455451,512000,3,2
1865,3456365,102400,2,5
1866,3458195,512000,3,2
1867,3459110,10485760,6,2
1868,3461855,512000,3,5
1869,3461855,10485760,6,3
1870,3461855,512000,3,3
1871,3462770,102400,2,0
1872,3463684,102400,2,0
1873,3463684,512000,3,6
1874,3468259,512000,3,3
1875,3471918,512000,3,5
1876,3472833,512000,3,4
1877,3473748,10485760,6,0
1878,3473748,10485760,6,1
1879,3477407,512000,3,2
1880,3478322,10485760,6,4
1881,3480152,5242880,5,0
1882,3481067,512000,3,3
1883,3484726,5242880,5,2
1884,3490216,5242880,5,0
1885,3490216,5242880,5,2
1886,3490216,512000,3,6
1887,3492045,512000,3,4
1888,3493875,102400,2,6
1889,3496620,1048576,4,6
1890,3496620,512000,3,4
1891,3502109,5242880,5,4
1892,3502109,512000,3,6
1893,3503024,1048576,4,6
1894,3503939,5242880,5,5
1895,3504853,512000,3,5
1896,3508513,512000,3,1
1897,3509428,512000,3,6
1898,3511257,512000,3,1
1899,3512172,512000,3,5
1900,3513087,102400,2,2
1901,3513087,10485760,6,1
1902,3513087,512000,3,4
1903,3515832,1048576,4,1
1904,3518576,512000,3,6
1905,3518576,512000,3,5
1906,3519491,10485760,6,3
1907,3519491,512000,3,2
1908,3520406,102400,2,2
1909,3521321,512000,3,4
1910,3522236,512000,3,1
1911,3523151,102400,2,2
1912,3523151,1048576,4,3
1913,3524980,512000,3,5
1914,3525895,102400,2,6
1915,3526810,5242880,5,5
1916,3528640,5242880,5,4
1917,3530470,102400,2,1
1918,3530470,5242880,5,5
1919,3531385,512000,3,1
1920,3531385,512000,3,2
1921,3533214,10485760,6,5
1922,3540533,5242880,5,4
1923,3541448,102400,2,1
1924,3541448,5242880,5,0
1925,3543278,5242880,5,1
1926,3544193,10485760,6,6
1927,3546022,512000,3,2
1928,3546937,512000,3,5
1929,3547852,512000,3,3
1930,3550597,512000,3,5
1931,3550597,5242880,5,4
1932,3551512,5242880,5,6
1933,3552426,512000,3,4
1934,3554256,512000,3,6
1935,3557916,512000,3,2
1936,3557916,512000,3,2
1937,3558831,512000,3,4
1938,3558831,5242880,5,5
1939,3558831,512000,3,1
1940,3560660,102400,2,3
1941,3560660,512000,3,1
1942,3560660,5242880,5,4
1943,3560660,512000,3,1
1944,3561575,5242880,5,6
1945,3561575,512000,3,2
1946,3562490,10485760,6,3
1947,3562490,5242880,5,3
1948,3562490,512000,3,6
1949,3562490,512000,3,3
1950,3562490,512000,3,5
1951,3563405,102400,2,6
1952,3564320,512000,3,2
1953,3564320,512000,3,5
1954,3564320,512000,3,5
1955,3565235,1048576,4,4
1956,3566149,512000,3,5
1957,3567064,512000,3,2
1958,3567979,10485760,6,5
1959,3568894,512000,3,6
1960,3568894,512000,3,5
1961,3568894,512000,3,4
1962,3569809,5242880,5,2
1963,3569809,512000,3,6
1964,3572554,512000,3,5
1965,3572554,5242880,5,2
1966,3572554,512000,3,2
1967,3574383,5242880,5,6
1968,3575298,512000,3,2
1969,3576213,10485760,6,2
1970,3576213,512000,3,4
1971,3577128,512000,3,3
1972,3577128,102400,2,0
1973,3578043,102400,2,3
1974,3578958,1048576,4,1
1975,3579872,10485760,6,4
1976,3579872,102400,2,3
1977,3579872,512000,3,0
1978,3580787,512000,3,1
1979,3581702,512000,3,5
1980,3582617,5242880,5,5
1981,3582617,512000,3,2
1982,3583532,512000,3,2
1983,3584447,512000,3,4
1984,3587191,512000,3,2
1985,3588106,10485760,6,3
1986,3588106,512000,3,2
1987,3589021,102400,2,2
1988,3589936,512000,3,4
1989,3589936,512000,3,2
1990,3590851,5242880,5,6
1991,3590851,512000,3,1
1992,3590851,512000,3,3
1993,3591766,512000,3,2
1994,3594510,512000,3,6
1995,3596340,102400,2,6
1996,3596340,5242880,5,4
1997,3598170,1048576,4,6
1998,3598170,512000,3,5
1999,3600000,512000,3,6
