0,C32,0,C32,0
1,C60,0,C60,0
2,C10,1,C10,1
3,C65,0,C65,0
4,C27,57,S177,6
5,C60,0,C60,0
6,C32,0,C32,0
7,C32,0,C32,0
8,C50,56,S146,6
9,C27,57,S177,6
10,C10,1,C10,1
11,C27,57,S177,6
12,C50,56,S146,6
13,C27,57,S177,6
14,C32,0,C32,0
15,C50,56,S146,6
16,C27,57,S177,6
17,C78,7,C78,7
18,C27,57,S177,6
19,C60,0,C60,0
20,C10,1,C10,1
21,C10,1,C10,1
22,C32,0,C32,0
23,C50,56,S146,6
24,C50,56,S146,6
25,C32,0,C32,0
26,C32,0,C32,0
27,C65,0,C65,0
28,C27,57,S177,6
29,C60,0,C60,0
30,C65,0,C65,0
31,C65,0,C65,0
32,C65,0,C65,0
33,C27,57,S177,6
34,C78,7,C78,7
35,C60,0,C60,0
36,C65,0,C65,0
37,C60,0,C60,0
38,C32,0,C32,0
39,C32,0,C32,0
40,C60,0,C60,0
41,C10,1,C10,1
42,C32,0,C32,0
43,C32,0,C32,0
44,C32,0,C32,0
45,C10,1,C10,1
46,C78,7,C78,7
47,C27,57,S177,8
48,C78,7,C78,7
49,C32,0,C32,0
50,C65,0,C65,0
51,C65,0,C65,0
52,C78,7,C78,7
53,C27,57,S177,8
54,C60,0,C60,0
55,C65,0,C65,0
56,C50,56,S146,6
57,C60,0,C60,0
58,C78,7,C78,7
59,C10,1,C10,1
60,C27,57,S177,8
61,C27,57,S177,8
62,C50,56,S146,6
63,C27,57,S177,8
64,C50,56,S146,6
65,C60,0,C60,0
66,C50,56,S60,7
67,C60,0,C60,0
68,C27,57,S60,11
69,C78,7,C78,7
70,C50,56,S60,7
71,C65,0,C65,0
72,C50,56,S60,7
73,C65,0,C65,0
74,C65,0,C65,0
75,C27,57,S60,11
76,C78,7,C78,7
77,C10,1,C10,1
78,C65,0,C65,0
79,C60,0,C60,0
80,C60,0,C60,0
81,C65,0,C65,0
82,C65,0,C65,0
83,C50,56,S60,7
84,C32,0,C32,0
85,C65,0,C65,0
86,C78,7,C78,7
87,C32,0,C32,0
88,C78,7,C78,7
89,C65,0,C65,0
90,C60,0,C60,0
91,C65,0,C65,0
92,C65,0,C65,0
93,C60,0,C60,0
94,C65,0,C65,0
95,C10,1,C10,1
96,C78,7,C78,7
97,C78,7,C78,7
98,C27,57,S60,11
99,C27,57,S60,11
100,C60,0,C60,0
101,C78,7,C78,7
102,C50,56,S60,6
103,C65,0,C65,0
104,C32,0,C32,0
105,C32,0,C32,0
106,C60,0,C60,0
107,C50,56,S60,6
108,C50,56,S60,6
109,C10,1,C10,1
110,C32,0,C32,0
111,C10,1,C10,1
112,C10,1,C10,1
113,C32,0,C32,0
114,C60,0,C60,0
115,C65,0,C65,0
116,C32,0,C32,0
117,C10,1,C10,1
118,C10,1,C10,1
119,C10,1,C10,1
120,C32,0,C32,0
121,C65,0,C65,0
122,C65,0,C65,0
123,C10,1,C10,1
124,C32,0,C32,0
125,C10,1,C10,1
126,C65,0,C65,0
127,C65,0,C65,0
128,C10,1,C10,1
129,C60,0,C60,0
130,C10,1,C10,1
131,C60,0,C60,0
132,C27,57,S167,9
133,C10,1,C10,1
134,C60,0,C60,0
135,C32,0,C32,0
136,C32,0,C32,0
137,C10,1,C10,1
138,C32,0,C32,0
139,C50,56,S60,9
140,C10,1,C10,1
141,C27,57,S167,9
142,C78,7,C78,7
143,C65,0,C65,0
144,C32,0,C32,0
145,C60,0,C60,0
146,C10,1,C10,1
147,C50,56,S60,9
148,C65,0,C65,0
149,C50,56,S60,9
150,C60,0,C60,0
151,C32,0,C32,0
152,C32,0,C32,0
153,C32,0,C32,0
154,C50,56,S60,9
155,C60,0,C60,0
156,C50,56,S60,9
157,C10,1,C10,1
158,C60,0,C60,0
159,C60,0,C60,0
160,C65,0,C65,0
161,C65,0,C65,0
162,C60,0,C60,0
163,C78,7,C78,7
164,C10,1,C10,1
165,C10,1,C10,1
166,C50,56,S157,5
167,C10,1,C10,1
168,C60,0,C60,0
169,C32,0,C32,0
170,C10,1,C10,1
171,C50,56,S157,5
172,C78,7,C78,7
173,C60,0,C60,0
174,C65,0,C65,0
175,C10,1,C10,1
176,C60,0,C60,0
177,C10,1,C10,1
178,C27,57,S167,6
179,C65,0,C65,0
180,C50,56,S157,5
181,C65,0,C65,0
182,C65,0,C65,0
183,C27,57,S167,6
184,C10,1,C10,1
185,C65,0,C65,0
186,C60,0,C60,0
187,C27,57,S167,6
188,C32,0,C32,0
189,C78,7,C78,7
190,C50,56,S157,6
191,C50,56,S157,6
192,C10,1,C10,1
193,C10,1,C10,1
194,C78,7,C78,7
195,C60,0,C60,0
196,C60,0,C60,0
197,C50,56,S157,6
198,C50,56,S157,6
199,C10,1,C10,1
200,C10,1,C10,1
201,C60,0,C60,0
202,C32,0,C32,0
203,C10,1,C10,1
204,C50,56,S157,6
205,C65,0,C65,0
206,C60,0,C60,0
207,C27,57,S432,3
208,C65,0,C65,0
209,C10,1,C10,1
210,C10,1,C10,1
211,C27,57,S432,3
212,C27,57,S432,3
213,C60,0,C60,0
214,C27,57,S432,3
215,C60,0,C60,0
216,C32,0,C32,0
217,C65,0,C65,0
218,C65,0,C65,0
219,C65,0,C65,0
220,C50,56,S157,6
221,C10,1,C10,1
222,C10,1,C10,1
223,C60,0,C60,0
224,C27,57,S432,3
225,C65,0,C65,0
226,C50,56,S157,6
227,C60,0,C60,0
228,C65,0,C65,0
229,C32,0,C32,0
230,C32,0,C32,0
231,C32,0,C32,0
232,C78,7,C78,7
233,C60,0,C60,0
234,C32,0,C32,0
235,C32,0,C32,0
236,C60,0,C60,0
237,C27,57,S432,4
238,C65,0,C65,0
239,C27,57,S432,4
240,C27,57,S432,4
241,C32,0,C32,0
242,C10,1,C10,1
243,C50,56,S432,6
244,C50,56,S432,6
245,C27,57,S432,4
246,C60,0,C60,0
247,C27,57,S432,4
248,C60,0,C60,0
249,C10,1,C10,1
250,C32,0,C32,0
251,C10,1,C10,1
252,C10,1,C10,1
253,C60,0,C60,0
254,C27,57,S432,4
255,C10,1,C10,1
256,C27,57,S432,7
257,C50,56,S432,3
258,C50,56,S432,3
259,C65,0,C65,0
260,C32,0,C32,0
261,C27,57,S432,7
262,C60,0,C60,0
263,C10,1,C10,1
264,C32,0,C32,0
265,C50,56,S432,3
266,C32,0,C32,0
267,C50,56,S432,3
268,C65,0,C65,0
269,C10,1,C10,1
270,C78,7,S282,7
271,C50,56,S432,3
272,C65,0,C65,0
273,C32,0,C32,0
274,C32,0,C32,0
275,C32,0,C32,0
276,C32,0,C32,0
277,C78,7,S282,7
278,C32,0,C32,0
279,C50,56,S432,3
280,C32,0,C32,0
281,C32,0,C32,0
282,C32,0,C32,0
283,C32,0,C32,0
284,C27,57,S432,7
285,C32,0,C32,0
286,C60,0,C60,0
287,C27,57,S432,7
288,C60,0,C60,0
289,C10,1,C10,1
290,C60,0,C60,0
291,C32,0,C32,0
292,C50,56,S432,3
293,C27,57,S187,9
294,C27,57,S187,9
295,C10,1,C10,1
296,C50,56,S432,3
297,C27,57,S187,9
298,C10,1,C10,1
299,C50,56,S432,3
300,C60,0,C60,0
301,C78,7,C78,7
302,C10,1,C10,1
303,C50,56,S432,3
304,C65,0,C65,0
305,C27,57,S187,9
306,C32,0,C32,0
307,C27,57,S187,9
308,C10,1,C10,1
309,C78,7,C78,7
310,C78,7,C78,7
311,C10,1,C10,1
312,C27,57,S187,9
313,C10,1,C10,1
314,C50,56,S432,3
315,C78,7,C78,7
316,C65,0,C65,0
317,C27,57,S187,6
318,C10,1,C10,1
319,C50,56,S156,5
320,C78,7,C78,7
321,C10,1,C10,1
322,C10,1,C10,1
323,C78,7,C78,7
324,C65,0,C65,0
325,C27,57,S187,6
326,C65,0,C65,0
327,C50,56,S156,5
328,C65,0,C65,0
329,C32,0,C32,0
330,C60,0,C60,0
331,C50,56,S156,5
332,C65,0,C65,0
333,C50,56,S156,5
334,C65,0,C65,0
335,C27,57,S187,6
336,C32,0,C32,0
337,C32,0,C32,0
338,C10,1,C10,1
339,C78,7,C78,7
340,C65,0,C65,0
341,C60,0,C60,0
342,C60,0,C60,0
343,C10,1,C10,1
344,C50,56,S156,7
345,C32,0,C32,0
346,C27,57,S187,7
347,C50,56,S156,7
348,C78,7,C78,7
349,C60,0,C60,0
350,C10,1,C10,1
351,C78,7,C78,7
352,C60,0,C60,0
353,C27,57,S187,7
354,C78,7,C78,7
355,C78,7,C78,7
356,C65,0,C65,0
357,C50,56,S156,7
358,C10,1,C10,1
359,C65,0,C65,0
360,C78,7,C78,7
361,C60,0,C60,0
362,C78,7,C78,7
363,C27,57,S187,7
364,C27,57,S187,7
365,C27,57,S187,7
366,C78,7,C78,7
367,C65,0,C65,0
368,C60,0,C60,0
369,C32,0,C32,0
370,C60,0,C60,0
371,C27,57,S187,7
372,C65,0,C65,0
373,C10,1,C10,1
374,C50,56,S156,7
375,C27,57,S187,7
376,C10,1,C10,1
377,C27,57,S187,7
378,C78,7,C78,7
379,C32,0,C32,0
380,C27,57,S187,7
381,C60,0,C60,0
382,C60,0,C60,0
383,C60,0,C60,0
384,C10,1,C10,1
385,C78,7,C78,7
386,C65,0,C65,0
387,C10,1,C10,1
388,C50,56,S187,7
389,C32,0,C32,0
390,C32,0,C32,0
391,C50,56,S187,7
392,C50,56,S187,7
393,C60,0,C60,0
394,C50,56,S187,7
395,C32,0,C32,0
396,C10,1,C10,1
397,C32,0,C32,0
398,C78,7,C78,7
399,C60,0,C60,0
400,C60,0,C60,0
401,C60,0,C60,0
402,C10,1,C10,1
403,C60,0,C60,0
404,C78,7,C78,7
405,C10,1,C10,1
406,C32,0,C32,0
407,C78,7,C78,7
408,C78,7,C78,7
409,C50,56,S187,7
410,C10,1,C10,1
411,C78,7,C78,7
412,C65,0,C65,0
413,C60,0,C60,0
414,C65,0,C65,0
415,C27,57,S187,10
416,C65,0,C65,0
417,C50,56,S187,7
418,C60,0,C60,0
419,C65,0,C65,0
420,C50,56,S187,7
421,C78,7,C78,7
422,C32,0,C32,0
423,C50,56,S187,7
424,C78,7,C78,7
425,C65,0,C65,0
426,C10,1,C10,1
427,C50,56,S187,7
428,C10,1,C10,1
429,C10,1,C10,1
430,C78,7,S277,6
431,C78,7,S277,6
432,C27,57,S171,11
433,C32,0,C32,0
434,C27,57,S171,11
435,C50,56,S36,6
436,C60,0,C60,0
437,C60,0,C60,0
438,C65,0,C65,0
439,C50,56,S36,6
440,C60,0,C60,0
441,C27,57,S171,11
442,C10,1,C10,1
443,C50,56,S36,6
444,C10,1,C10,1
445,C50,56,S36,6
446,C10,1,C10,1
447,C10,1,C10,1
448,C10,1,C10,1
449,C27,57,S171,11
450,C78,7,S277,6
451,C10,1,C10,1
452,C10,1,C10,1
453,C10,1,C10,1
454,C65,0,C65,0
455,C10,1,C10,1
456,C65,0,C65,0
457,C27,57,S171,11
458,C10,1,C10,1
459,C10,1,C10,1
460,C65,0,C65,0
461,C27,57,S171,11
462,C32,0,C32,0
463,C78,7,S277,6
464,C32,0,C32,0
465,C78,7,S277,6
466,C50,56,S36,6
467,C78,7,S277,6
468,C10,1,C10,1
469,C65,0,C65,0
470,C32,0,C32,0
471,C78,7,S277,6
472,C10,1,C10,1
473,C78,7,S277,6
474,C32,0,C32,0
475,C10,1,C10,1
476,C10,1,C10,1
477,C60,0,C60,0
478,C60,0,C60,0
479,C32,0,C32,0
480,C60,0,C60,0
481,C10,1,C10,1
482,C50,56,S36,6
483,C65,0,C65,0
484,C50,56,S36,6
485,C27,57,S171,11
486,C60,0,C60,0
487,C65,0,C65,0
488,C10,1,C10,1
489,C65,0,C65,0
490,C27,57,S171,11
491,C78,7,S277,6
492,C32,0,C32,0
493,C78,7,S277,6
494,C50,56,S36,6
495,C65,0,C65,0
496,C50,56,S36,6
497,C65,0,C65,0
498,C32,0,C32,0
499,C60,0,C60,0
500,C32,0,C32,0
501,C10,1,C10,1
502,C60,0,C60,0
503,C78,7,C78,7
504,C10,1,C10,1
505,C78,7,C78,7
506,C50,56,S36,9
507,C50,56,S36,9
508,C50,56,S36,9
509,C78,7,C78,7
510,C27,57,S171,8
511,C10,1,C10,1
512,C50,56,S36,9
513,C10,1,C10,1
514,C10,1,C10,1
515,C60,0,C60,0
516,C50,56,S36,9
517,C10,1,C10,1
518,C50,56,S36,9
519,C32,0,C32,0
520,C10,1,C10,1
521,C32,0,C32,0
522,C50,56,S36,9
523,C65,0,C65,0
524,C32,0,C32,0
525,C65,0,C65,0
526,C50,56,S36,9
527,C32,0,C32,0
528,C78,7,C78,7
529,C78,7,C78,7
530,C78,7,C78,7
531,C78,7,C78,7
532,C27,57,S171,8
533,C65,0,C65,0
534,C65,0,C65,0
535,C32,0,C32,0
536,C78,7,C78,7
537,C50,56,S36,9
538,C78,7,C78,7
539,C60,0,C60,0
540,C32,0,C32,0
541,C65,0,C65,0
542,C27,57,S170,6
543,C50,56,S160,5
544,C10,1,C10,1
545,C32,0,C32,0
546,C50,56,S160,5
547,C60,0,C60,0
548,C32,0,C32,0
549,C50,56,S160,5
550,C65,0,C65,0
551,C50,56,S160,5
552,C65,0,C65,0
553,C60,0,C60,0
554,C27,57,S170,6
555,C32,0,C32,0
556,C50,56,S160,5
557,C50,56,S160,5
558,C27,57,S170,6
559,C50,56,S160,5
560,C32,0,C32,0
561,C32,0,C32,0
562,C10,1,C10,1
563,C50,56,S160,5
564,C10,1,C10,1
565,C78,7,C78,7
566,C78,7,C78,7
567,C10,1,C10,1
568,C50,56,S160,5
569,C32,0,C32,0
570,C65,0,C65,0
571,C10,1,C10,1
572,C78,7,C78,7
573,C10,1,C10,1
574,C10,1,C10,1
575,C78,7,C78,7
576,C50,56,S160,5
577,C10,1,C10,1
578,C65,0,C65,0
579,C78,7,C78,7
580,C10,1,C10,1
581,C50,56,S160,5
582,C65,0,C65,0
583,C10,1,C10,1
584,C65,0,C65,0
585,C78,7,C78,7
586,C32,0,C32,0
587,C65,0,C65,0
588,C10,1,C10,1
589,C50,56,S160,6
590,C78,7,C78,7
591,C32,0,C32,0
592,C27,57,S170,7
593,C50,56,S160,6
594,C78,7,C78,7
595,C27,57,S170,7
596,C78,7,C78,7
597,C65,0,C65,0
598,C78,7,C78,7
599,C27,57,S170,7
600,C65,0,C65,0
601,C78,7,C78,7
602,C10,1,C10,1
603,C65,0,C65,0
604,C65,0,C65,0
605,C32,0,C32,0
606,C27,57,S170,7
607,C78,7,C78,7
608,C60,0,C60,0
609,C60,0,C60,0
610,C32,0,C32,0
611,C10,1,C10,1
612,C65,0,C65,0
613,C78,7,C78,7
614,C78,7,C78,7
615,C32,0,C32,0
616,C10,1,C10,1
617,C60,0,C60,0
618,C60,0,C60,0
619,C27,57,S170,7
620,C32,0,C32,0
621,C32,0,C32,0
622,C78,7,C78,7
623,C60,0,C60,0
624,C32,0,C32,0
625,C60,0,C60,0
626,C27,57,S170,7
627,C10,1,C10,1
628,C10,1,C10,1
629,C27,57,S170,7
630,C65,0,C65,0
631,C50,56,S170,7
632,C32,0,C32,0
633,C27,57,S170,10
634,C78,7,S269,7
635,C27,57,S170,10
636,C60,0,C60,0
637,C32,0,C32,0
638,C50,56,S170,7
639,C27,57,S170,10
640,C60,0,C60,0
641,C78,7,S269,7
642,C50,56,S170,7
643,C78,7,S269,7
644,C10,1,C10,1
645,C65,0,C65,0
646,C50,56,S170,7
647,C27,57,S170,10
648,C32,0,C32,0
649,C10,1,C10,1
650,C65,0,C65,0
651,C60,0,C60,0
652,C65,0,C65,0
653,C27,57,S170,10
654,C65,0,C65,0
655,C10,1,C10,1
656,C65,0,C65,0
657,C10,1,C10,1
658,C78,7,S269,7
659,C50,56,S170,7
660,C32,0,C32,0
661,C10,1,C10,1
662,C27,57,S164,11
663,C27,57,S164,11
664,C60,0,C60,0
665,C78,7,S269,6
666,C78,7,S269,6
667,C32,0,C32,0
668,C27,57,S164,11
669,C27,57,S164,11
670,C60,0,C60,0
671,C65,0,C65,0
672,C27,57,S164,11
673,C10,1,C10,1
674,C27,57,S164,11
675,C60,0,C60,0
676,C27,57,S164,11
677,C27,57,S164,11
678,C60,0,C60,0
679,C32,0,C32,0
680,C50,56,S170,7
681,C60,0,C60,0
682,C10,1,C10,1
683,C50,56,S170,7
684,C60,0,C60,0
685,C50,56,S170,7
686,C60,0,C60,0
687,C65,0,C65,0
688,C32,0,C32,0
689,C78,7,S268,6
690,C32,0,C32,0
691,C32,0,C32,0
692,C10,1,C10,1
693,C50,56,S169,9
694,C50,56,S169,9
695,C32,0,C32,0
696,C27,57,S164,8
697,C32,0,C32,0
698,C10,1,C10,1
699,C78,7,S268,6
700,C65,0,C65,0
701,C50,56,S169,9
702,C65,0,C65,0
703,C60,0,C60,0
704,C65,0,C65,0
705,C78,7,S268,6
706,C10,1,C10,1
707,C32,0,C32,0
708,C60,0,C60,0
709,C78,7,S268,6
710,C32,0,C32,0
711,C50,56,S169,9
712,C78,7,S268,6
713,C60,0,C60,0
714,C32,0,C32,0
715,C65,0,C65,0
716,C60,0,C60,0
717,C10,1,C10,1
718,C78,7,S268,6
719,C27,57,S164,8
720,C50,56,S169,9
721,C78,7,S268,6
722,C78,7,S268,6
723,C32,0,C32,0
724,C10,1,C10,1
725,C32,0,C32,0
726,C50,56,S169,9
727,C10,1,C10,1
728,C50,56,S169,9
729,C32,0,C32,0
730,C78,7,S268,6
731,C27,57,S417,5
732,C10,1,C10,1
733,C65,0,C65,0
734,C65,0,C65,0
735,C27,57,S417,5
736,C60,0,C60,0
737,C10,1,C10,1
738,C27,57,S417,5
739,C65,0,C65,0
740,C10,1,C10,1
741,C60,0,C60,0
742,C50,56,S169,6
743,C32,0,C32,0
744,C65,0,C65,0
745,C60,0,C60,0
746,C50,56,S169,6
747,C60,0,C60,0
748,C60,0,C60,0
749,C60,0,C60,0
750,C32,0,C32,0
751,C50,56,S169,6
752,C32,0,C32,0
753,C50,56,S169,6
754,C27,57,S417,5
755,C10,1,C10,1
756,C10,1,C10,1
757,C50,56,S169,6
758,C78,7,S268,6
759,C10,1,C10,1
760,C50,56,S169,6
761,C10,1,C10,1
762,C27,57,S417,5
763,C60,0,C60,0
764,C10,1,C10,1
765,C65,0,C65,0
766,C50,56,S169,6
767,C60,0,C60,0
768,C60,0,C60,0
769,C27,57,S417,5
770,C10,1,C10,1
771,C10,1,C10,1
772,C27,57,S417,5
773,C10,1,C10,1
774,C78,7,S268,6
775,C60,0,C60,0
776,C27,57,S417,5
777,C10,1,C10,1
778,C65,0,C65,0
779,C32,0,C32,0
780,C50,56,S169,6
781,C78,7,C78,7
782,C32,0,C32,0
783,C27,57,S417,2
784,C50,56,S169,6
785,C50,56,S169,6
786,C10,1,C10,1
787,C78,7,C78,7
788,C27,57,S417,2
789,C27,57,S417,2
790,C10,1,C10,1
791,C50,56,S169,6
792,C60,0,C60,0
793,C78,7,C78,7
794,C10,1,C10,1
795,C60,0,C60,0
796,C27,57,S417,2
797,C65,0,C65,0
798,C10,1,C10,1
799,C65,0,C65,0
800,C60,0,C60,0
801,C10,1,C10,1
802,C65,0,C65,0
803,C60,0,C60,0
804,C10,1,C10,1
805,C10,1,C10,1
806,C32,0,C32,0
807,C65,0,C65,0
808,C78,7,C78,7
809,C65,0,C65,0
810,C32,0,C32,0
811,C27,57,S417,4
812,C65,0,C65,0
813,C78,7,S122,7
814,C60,0,C60,0
815,C65,0,C65,0
816,C60,0,C60,0
817,C32,0,C32,0
818,C50,56,S417,4
819,C32,0,C32,0
820,C78,7,S122,7
821,C60,0,C60,0
822,C78,7,S122,7
823,C10,1,C10,1
824,C78,7,S122,7
825,C60,0,C60,0
826,C65,0,C65,0
827,C10,1,C10,1
828,C50,56,S417,4
829,C32,0,C32,0
830,C10,1,C10,1
831,C10,1,C10,1
832,C60,0,C60,0
833,C10,1,C10,1
834,C10,1,C10,1
835,C50,56,S417,4
836,C65,0,C65,0
837,C32,0,C32,0
838,C60,0,C60,0
839,C78,7,S122,7
840,C27,57,S417,4
841,C10,1,C10,1
842,C78,7,S122,7
843,C50,56,S417,4
844,C10,1,C10,1
845,C50,56,S417,1
846,C78,7,S281,6
847,C65,0,C65,0
848,C32,0,C32,0
849,C78,7,S281,6
850,C27,57,S423,4
851,C32,0,C32,0
852,C10,1,C10,1
853,C78,7,S281,6
854,C50,56,S417,1
855,C10,1,C10,1
856,C78,7,S281,6
857,C78,7,S281,6
858,C65,0,C65,0
859,C78,7,S281,6
860,C27,57,S423,4
861,C60,0,C60,0
862,C65,0,C65,0
863,C60,0,C60,0
864,C60,0,C60,0
865,C60,0,C60,0
866,C60,0,C60,0
867,C32,0,C32,0
868,C27,57,S423,4
869,C10,1,C10,1
870,C32,0,C32,0
871,C10,1,C10,1
872,C50,56,S417,1
873,C65,0,C65,0
874,C32,0,C32,0
875,C32,0,C32,0
876,C50,56,S417,3
877,C78,7,S281,6
878,C78,7,S281,6
879,C10,1,C10,1
880,C27,57,S423,2
881,C27,57,S423,2
882,C10,1,C10,1
883,C78,7,S281,6
884,C27,57,S423,2
885,C60,0,C60,0
886,C50,56,S417,3
887,C50,56,S417,3
888,C32,0,C32,0
889,C10,1,C10,1
890,C32,0,C32,0
891,C32,0,C32,0
892,C10,1,C10,1
893,C50,56,S417,3
894,C78,7,S281,6
895,C78,7,S281,6
896,C50,56,S423,3
897,C78,7,S460,7
898,C50,56,S423,3
899,C65,0,C65,0
900,C27,57,S433,4
901,C32,0,C32,0
902,C60,0,C60,0
903,C32,0,C32,0
904,C78,7,S460,7
905,C50,56,S423,3
906,C50,56,S423,3
907,C65,0,C65,0
908,C65,0,C65,0
909,C32,0,C32,0
910,C10,1,C10,1
911,C65,0,C65,0
912,C78,7,S460,7
913,C10,1,C10,1
914,C65,0,C65,0
915,C32,0,C32,0
916,C27,57,S433,4
917,C10,1,C10,1
918,C10,1,C10,1
919,C65,0,C65,0
920,C27,57,S433,4
921,C78,7,S460,7
922,C10,1,C10,1
923,C27,57,S433,4
924,C27,57,S433,4
925,C60,0,C60,0
926,C32,0,C32,0
927,C50,56,S423,1
928,C10,1,C10,1
929,C50,56,S423,1
930,C10,1,C10,1
931,C32,0,C32,0
932,C60,0,C60,0
933,C65,0,C65,0
934,C50,56,S423,1
935,C27,57,S433,2
936,C27,57,S433,2
937,C78,7,S181,6
938,C78,7,S181,6
939,C65,0,C65,0
940,C50,56,S423,1
941,C65,0,C65,0
942,C78,7,S181,6
943,C78,7,S181,6
944,C50,56,S423,1
945,C10,1,C10,1
946,C50,56,S423,1
947,C32,0,C32,0
948,C10,1,C10,1
949,C50,56,S423,1
950,C27,57,S433,2
951,C78,7,S181,6
952,C78,7,S181,6
953,C78,7,S181,6
954,C65,0,C65,0
955,C78,7,S181,6
956,C78,7,S181,6
957,C32,0,C32,0
958,C60,0,C60,0
959,C60,0,C60,0
960,C10,1,C10,1
961,C50,56,S423,1
962,C32,0,C32,0
963,C27,57,S433,2
964,C27,57,S433,2
965,C78,7,S181,6
966,C27,57,S433,2
967,C60,0,C60,0
968,C65,0,C65,0
969,C60,0,C60,0
970,C27,57,S433,4
971,C10,1,C10,1
972,C50,56,S433,4
973,C32,0,C32,0
974,C32,0,C32,0
975,C50,56,S433,4
976,C65,0,C65,0
977,C65,0,C65,0
978,C60,0,C60,0
979,C78,7,S284,7
980,C27,57,S433,4
981,C27,57,S433,4
982,C78,7,S284,7
983,C32,0,C32,0
984,C65,0,C65,0
985,C50,56,S433,4
986,C32,0,C32,0
987,C65,0,C65,0
988,C78,7,S284,7
989,C60,0,C60,0
990,C65,0,C65,0
991,C50,56,S433,4
992,C50,56,S433,4
993,C65,0,C65,0
994,C50,56,S433,4
995,C60,0,C60,0
996,C60,0,C60,0
997,C78,7,S284,7
998,C65,0,C65,0
999,C65,0,C65,0
1000,C65,0,C65,0
1001,C10,1,C10,1
1002,C10,1,C10,1
1003,C32,0,C32,0
1004,C32,0,C32,0
1005,C10,1,C10,1
1006,C65,0,C65,0
1007,C65,0,C65,0
1008,C10,1,C10,1
1009,C50,56,S433,0
1010,C32,0,C32,0
1011,C78,7,S284,5
1012,C78,7,S284,5
1013,C27,57,S433,8
1014,C10,1,C10,1
1015,C65,0,C65,0
1016,C65,0,C65,0
1017,C50,56,S433,0
1018,C10,1,C10,1
1019,C78,7,S284,5
1020,C50,56,S433,0
1021,C60,0,C60,0
1022,C78,7,S284,5
1023,C65,0,C65,0
1024,C10,1,C10,1
1025,C32,0,C32,0
1026,C10,1,C10,1
1027,C27,57,S433,8
1028,C65,0,C65,0
1029,C32,0,C32,0
1030,C10,1,C10,1
1031,C78,7,S284,5
1032,C60,0,C60,0
1033,C32,0,C32,0
1034,C78,7,C78,7
1035,C65,0,C65,0
1036,C50,56,S433,4
1037,C10,1,C10,1
1038,C60,0,C60,0
1039,C78,7,C78,7
1040,C27,57,S174,8
1041,C50,56,S433,4
1042,C50,56,S433,4
1043,C60,0,C60,0
1044,C32,0,C32,0
1045,C50,56,S433,4
1046,C10,1,C10,1
1047,C10,1,C10,1
1048,C65,0,C65,0
1049,C65,0,C65,0
1050,C10,1,C10,1
1051,C32,0,C32,0
1052,C60,0,C60,0
1053,C65,0,C65,0
1054,C27,57,S174,6
1055,C50,56,S122,7
1056,C10,1,C10,1
1057,C32,0,C32,0
1058,C32,0,C32,0
1059,C50,56,S122,7
1060,C32,0,C32,0
1061,C60,0,C60,0
1062,C65,0,C65,0
1063,C78,7,S483,7
1064,C27,57,S174,6
1065,C50,56,S122,7
1066,C60,0,C60,0
1067,C65,0,C65,0
1068,C60,0,C60,0
1069,C60,0,C60,0
1070,C27,57,S174,6
1071,C10,1,C10,1
1072,C10,1,C10,1
1073,C27,57,S174,6
1074,C32,0,C32,0
1075,C78,7,S483,7
1076,C60,0,C60,0
1077,C65,0,C65,0
1078,C60,0,C60,0
1079,C78,7,S483,7
1080,C65,0,C65,0
1081,C65,0,C65,0
1082,C60,0,C60,0
1083,C10,1,C10,1
1084,C10,1,C10,1
1085,C60,0,C60,0
1086,C60,0,C60,0
1087,C78,7,S120,5
1088,C27,57,S174,8
1089,C50,56,S122,6
1090,C32,0,C32,0
1091,C10,1,C10,1
1092,C65,0,C65,0
1093,C60,0,C60,0
1094,C10,1,C10,1
1095,C32,0,C32,0
1096,C60,0,C60,0
1097,C50,56,S122,6
1098,C10,1,C10,1
1099,C78,7,S120,5
1100,C78,7,S120,5
1101,C32,0,C32,0
1102,C78,7,S120,5
1103,C65,0,C65,0
1104,C78,7,S120,5
1105,C10,1,C10,1
1106,C60,0,C60,0
1107,C10,1,C10,1
1108,C32,0,C32,0
1109,C27,57,S174,8
1110,C65,0,C65,0
1111,C78,7,S120,5
1112,C27,57,S174,8
1113,C50,56,S122,6
1114,C78,7,S120,5
1115,C65,0,C65,0
1116,C50,56,S122,6
1117,C32,0,C32,0
1118,C27,57,S174,8
1119,C10,1,C10,1
1120,C65,0,C65,0
1121,C50,56,S122,6
1122,C65,0,C65,0
1123,C10,1,C10,1
1124,C50,56,S122,6
1125,C50,56,S122,6
1126,C10,1,C10,1
1127,C78,7,S120,5
1128,C10,1,C10,1
1129,C78,7,S120,5
1130,C10,1,C10,1
1131,C60,0,C60,0
1132,C60,0,C60,0
1133,C32,0,C32,0
1134,C60,0,C60,0
1135,C27,57,S174,8
1136,C78,7,S255,6
1137,C65,0,C65,0
1138,C65,0,C65,0
1139,C78,7,S255,6
1140,C27,57,S419,6
1141,C50,56,S174,6
1142,C27,57,S419,6
1143,C32,0,C32,0
1144,C50,56,S174,6
1145,C65,0,C65,0
1146,C78,7,S255,6
1147,C27,57,S419,6
1148,C10,1,C10,1
1149,C50,56,S174,6
1150,C50,56,S174,6
1151,C50,56,S174,6
1152,C27,57,S419,6
1153,C27,57,S419,6
1154,C65,0,C65,0
1155,C65,0,C65,0
1156,C10,1,C10,1
1157,C27,57,S419,6
1158,C10,1,C10,1
1159,C50,56,S174,6
1160,C27,57,S419,6
1161,C27,57,S419,6
1162,C50,56,S174,6
1163,C78,7,S255,6
1164,C78,7,S255,6
1165,C32,0,C32,0
1166,C32,0,C32,0
1167,C10,1,C10,1
1168,C32,0,C32,0
1169,C27,57,S419,3
1170,C60,0,C60,0
1171,C27,57,S419,3
1172,C60,0,C60,0
1173,C32,0,C32,0
1174,C50,56,S174,7
1175,C32,0,C32,0
1176,C50,56,S174,7
1177,C65,0,C65,0
1178,C32,0,C32,0
1179,C78,7,S255,5
1180,C27,57,S419,3
1181,C78,7,S255,5
1182,C10,1,C10,1
1183,C78,7,S255,5
1184,C50,56,S174,7
1185,C60,0,C60,0
1186,C10,1,C10,1
1187,C60,0,C60,0
1188,C50,56,S174,7
1189,C50,56,S174,7
1190,C78,7,S255,5
1191,C32,0,C32,0
1192,C50,56,S174,7
1193,C60,0,C60,0
1194,C78,7,S255,5
1195,C32,0,C32,0
1196,C60,0,C60,0
1197,C10,1,C10,1
1198,C27,57,S419,3
1199,C50,56,S174,7
1200,C50,56,S174,7
1201,C27,57,S440,3
1202,C32,0,C32,0
1203,C50,56,S419,5
1204,C65,0,C65,0
1205,C78,7,S453,7
1206,C32,0,C32,0
1207,C27,57,S440,3
1208,C10,1,C10,1
1209,C32,0,C32,0
1210,C32,0,C32,0
1211,C27,57,S440,3
1212,C60,0,C60,0
1213,C78,7,S453,7
1214,C32,0,C32,0
1215,C10,1,C10,1
1216,C10,1,C10,1
1217,C27,57,S440,3
1218,C50,56,S419,5
1219,C50,56,S419,5
1220,C60,0,C60,0
1221,C78,7,S453,7
1222,C78,7,S453,7
1223,C32,0,C32,0
1224,C78,7,S453,7
1225,C65,0,C65,0
1226,C60,0,C60,0
1227,C65,0,C65,0
1228,C50,56,S419,1
1229,C50,56,S419,1
1230,C27,57,S440,3
1231,C27,57,S440,3
1232,C60,0,C60,0
1233,C27,57,S440,3
1234,C60,0,C60,0
1235,C65,0,C65,0
1236,C27,57,S440,3
1237,C50,56,S419,1
1238,C32,0,C32,0
1239,C78,7,S453,6
1240,C60,0,C60,0
1241,C27,57,S440,3
1242,C10,1,C10,1
1243,C50,56,S419,1
1244,C60,0,C60,0
1245,C60,0,C60,0
1246,C27,57,S426,3
1247,C32,0,C32,0
1248,C10,1,C10,1
1249,C65,0,C65,0
1250,C60,0,C60,0
1251,C32,0,C32,0
1252,C32,0,C32,0
1253,C78,7,S125,6
1254,C10,1,C10,1
1255,C32,0,C32,0
1256,C50,56,S419,2
1257,C78,7,S125,6
1258,C50,56,S419,2
1259,C27,57,S426,3
1260,C78,7,S125,6
1261,C10,1,C10,1
1262,C32,0,C32,0
1263,C65,0,C65,0
1264,C60,0,C60,0
1265,C27,57,S426,3
1266,C27,57,S426,3
1267,C78,7,S125,6
1268,C50,56,S419,2
1269,C32,0,C32,0
1270,C27,57,S426,3
1271,C27,57,S426,3
1272,C60,0,C60,0
1273,C10,1,C10,1
1274,C32,0,C32,0
1275,C50,56,S440,1
1276,C50,56,S440,1
1277,C10,1,C10,1
1278,C32,0,C32,0
1279,C32,0,C32,0
1280,C32,0,C32,0
1281,C78,7,S270,6
1282,C27,57,S426,5
1283,C78,7,S270,6
1284,C65,0,C65,0
1285,C32,0,C32,0
1286,C32,0,C32,0
1287,C60,0,C60,0
1288,C32,0,C32,0
1289,C65,0,C65,0
1290,C60,0,C60,0
1291,C78,7,S270,6
1292,C65,0,C65,0
1293,C78,7,S270,6
1294,C65,0,C65,0
1295,C50,56,S440,1
1296,C60,0,C60,0
1297,C60,0,C60,0
1298,C65,0,C65,0
1299,C10,1,C10,1
1300,C32,0,C32,0
1301,C50,56,S440,1
1302,C78,7,S270,6
1303,C78,7,S270,6
1304,C50,56,S440,1
1305,C65,0,C65,0
1306,C78,7,S270,6
1307,C78,7,S270,6
1308,C60,0,C60,0
1309,C10,1,C10,1
1310,C32,0,C32,0
1311,C60,0,C60,0
1312,C60,0,C60,0
1313,C50,56,S426,1
1314,C60,0,C60,0
1315,C27,57,S426,9
1316,C60,0,C60,0
1317,C78,7,S270,6
1318,C50,56,S426,1
1319,C10,1,C10,1
1320,C65,0,C65,0
1321,C27,57,S426,9
1322,C78,7,S270,6
1323,C27,57,S426,9
1324,C65,0,C65,0
1325,C10,1,C10,1
1326,C32,0,C32,0
1327,C10,1,C10,1
1328,C10,1,C10,1
1329,C27,57,S426,9
1330,C60,0,C60,0
1331,C32,0,C32,0
1332,C10,1,C10,1
1333,C27,57,S426,9
1334,C65,0,C65,0
1335,C50,56,S426,1
1336,C50,56,S426,1
1337,C32,0,C32,0
1338,C78,7,S479,6
1339,C65,0,C65,0
1340,C32,0,C32,0
1341,C78,7,S479,6
1342,C78,7,S479,6
1343,C27,57,S159,7
1344,C60,0,C60,0
1345,C50,56,S426,4
1346,C60,0,C60,0
1347,C27,57,S159,7
1348,C60,0,C60,0
1349,C50,56,S426,4
1350,C32,0,C32,0
1351,C60,0,C60,0
1352,C78,7,S479,6
1353,C60,0,C60,0
1354,C10,1,C10,1
1355,C50,56,S426,4
1356,C50,56,S426,4
1357,C50,56,S426,4
1358,C10,1,C10,1
1359,C10,1,C10,1
1360,C27,57,S159,7
1361,C60,0,C60,0
1362,C50,56,S120,6
1363,C10,1,C10,1
1364,C10,1,C10,1
1365,C78,7,S479,6
1366,C50,56,S120,6
1367,C10,1,C10,1
1368,C32,0,C32,0
1369,C50,56,S120,6
1370,C10,1,C10,1
1371,C32,0,C32,0
1372,C60,0,C60,0
1373,C65,0,C65,0
1374,C65,0,C65,0
1375,C32,0,C32,0
1376,C10,1,C10,1
1377,C10,1,C10,1
1378,C32,0,C32,0
1379,C60,0,C60,0
1380,C32,0,C32,0
1381,C78,7,S126,5
1382,C32,0,C32,0
1383,C27,57,S185,9
1384,C65,0,C65,0
1385,C65,0,C65,0
1386,C27,57,S185,9
1387,C32,0,C32,0
1388,C10,1,C10,1
1389,C65,0,C65,0
1390,C65,0,C65,0
1391,C78,7,S126,5
1392,C60,0,C60,0
1393,C32,0,C32,0
1394,C50,56,S87,7
1395,C60,0,C60,0
1396,C65,0,C65,0
1397,C60,0,C60,0
1398,C50,56,S87,7
1399,C50,56,S87,7
1400,C78,7,S126,5
1401,C50,56,S87,7
1402,C10,1,C10,1
1403,C78,7,S126,5
1404,C65,0,C65,0
1405,C10,1,C10,1
1406,C32,0,C32,0
1407,C50,56,S185,5
1408,C32,0,C32,0
1409,C60,0,C60,0
1410,C65,0,C65,0
1411,C65,0,C65,0
1412,C78,7,S290,6
1413,C78,7,S290,6
1414,C32,0,C32,0
1415,C10,1,C10,1
1416,C50,56,S185,5
1417,C60,0,C60,0
1418,C50,56,S185,5
1419,C60,0,C60,0
1420,C50,56,S185,5
1421,C27,57,S185,12
1422,C65,0,C65,0
1423,C50,56,S185,5
1424,C27,57,S185,12
1425,C50,56,S185,5
1426,C10,1,C10,1
1427,C50,56,S185,5
1428,C65,0,C65,0
1429,C60,0,C60,0
1430,C27,57,S185,12
1431,C50,56,S185,5
1432,C78,7,S290,6
1433,C60,0,C60,0
1434,C65,0,C65,0
1435,C10,1,C10,1
1436,C32,0,C32,0
1437,C78,7,S290,6
1438,C78,7,S290,6
1439,C10,1,C10,1
1440,C50,56,S185,5
1441,C10,1,C10,1
1442,C27,57,S185,12
1443,C65,0,C65,0
1444,C32,0,C32,0
1445,C32,0,C32,0
1446,C50,56,S185,5
1447,C78,7,S290,6
1448,C32,0,C32,0
1449,C65,0,C65,0
1450,C65,0,C65,0
1451,C60,0,C60,0
1452,C32,0,C32,0
1453,C65,0,C65,0
1454,C50,56,S185,7
1455,C60,0,C60,0
1456,C65,0,C65,0
1457,C50,56,S185,7
1458,C50,56,S185,7
1459,C60,0,C60,0
1460,C65,0,C65,0
1461,C60,0,C60,0
1462,C10,1,C10,1
1463,C78,7,S448,5
1464,C65,0,C65,0
1465,C50,56,S185,7
1466,C10,1,C10,1
1467,C50,56,S185,7
1468,C50,56,S185,7
1469,C32,0,C32,0
1470,C60,0,C60,0
1471,C65,0,C65,0
1472,C50,56,S185,7
1473,C50,56,S185,7
1474,C65,0,C65,0
1475,C32,0,C32,0
1476,C78,7,S448,5
1477,C32,0,C32,0
1478,C27,57,S140,9
1479,C78,7,S448,5
1480,C50,56,S185,7
1481,C78,7,S448,5
1482,C10,1,C10,1
1483,C50,56,S185,7
1484,C32,0,C32,0
1485,C50,56,S185,7
1486,C78,7,S448,5
1487,C65,0,C65,0
1488,C78,7,S448,5
1489,C32,0,C32,0
1490,C60,0,C60,0
1491,C65,0,C65,0
1492,C32,0,C32,0
1493,C65,0,C65,0
1494,C10,1,C10,1
1495,C50,56,S125,10
1496,C32,0,C32,0
1497,C60,0,C60,0
1498,C27,57,S140,6
1499,C50,56,S125,10
1500,C10,1,C10,1
1501,C10,1,C10,1
1502,C78,7,S461,6
1503,C10,1,C10,1
1504,C32,0,C32,0
1505,C10,1,C10,1
1506,C78,7,S461,6
1507,C32,0,C32,0
1508,C32,0,C32,0
1509,C65,0,C65,0
1510,C78,7,S461,6
1511,C32,0,C32,0
1512,C78,7,S461,6
1513,C27,57,S140,6
1514,C32,0,C32,0
1515,C65,0,C65,0
1516,C50,56,S125,10
1517,C65,0,C65,0
1518,C60,0,C60,0
1519,C10,1,C10,1
1520,C10,1,C10,1
1521,C27,57,S140,6
1522,C10,1,C10,1
1523,C10,1,C10,1
1524,C60,0,C60,0
1525,C65,0,C65,0
1526,C50,56,S125,7
1527,C10,1,C10,1
1528,C65,0,C65,0
1529,C60,0,C60,0
1530,C27,57,S140,3
1531,C10,1,C10,1
1532,C65,0,C65,0
1533,C10,1,C10,1
1534,C65,0,C65,0
1535,C27,57,S140,3
1536,C65,0,C65,0
1537,C32,0,C32,0
1538,C78,7,S461,6
1539,C32,0,C32,0
1540,C65,0,C65,0
1541,C60,0,C60,0
1542,C32,0,C32,0
1543,C50,56,S125,7
1544,C50,56,S125,7
1545,C32,0,C32,0
1546,C27,57,S140,3
1547,C10,1,C10,1
1548,C78,7,S132,5
1549,C10,1,C10,1
1550,C65,0,C65,0
1551,C32,0,C32,0
1552,C78,7,S132,5
1553,C32,0,C32,0
1554,C27,57,S140,3
1555,C60,0,C60,0
1556,C65,0,C65,0
1557,C32,0,C32,0
1558,C27,57,S140,3
1559,C27,57,S140,3
1560,C10,1,C10,1
1561,C27,57,S140,3
1562,C32,0,C32,0
1563,C50,56,S140,5
1564,C65,0,C65,0
1565,C10,1,C10,1
1566,C78,7,S132,5
1567,C27,57,S140,6
1568,C10,1,C10,1
1569,C10,1,C10,1
1570,C78,7,S474,6
1571,C27,57,S140,6
1572,C50,56,S140,3
1573,C10,1,C10,1
1574,C32,0,C32,0
1575,C60,0,C60,0
1576,C50,56,S140,3
1577,C78,7,S474,6
1578,C78,7,S474,6
1579,C27,57,S140,6
1580,C27,57,S140,10
1581,C10,1,C10,1
1582,C78,7,S474,4
1583,C60,0,C60,0
1584,C27,57,S140,10
1585,C60,0,C60,0
1586,C27,57,S140,10
1587,C32,0,C32,0
1588,C32,0,C32,0
1589,C65,0,C65,0
1590,C60,0,C60,0
1591,C65,0,C65,0
1592,C10,1,C10,1
1593,C65,0,C65,0
1594,C32,0,C32,0
1595,C50,56,S140,4
1596,C32,0,C32,0
1597,C32,0,C32,0
1598,C27,57,S140,10
1599,C65,0,C65,0
1600,C60,0,C60,0
1601,C50,56,S140,8
1602,C78,7,S474,7
1603,C78,7,S474,7
1604,C60,0,C60,0
1605,C10,1,C10,1
1606,C27,57,S175,8
1607,C60,0,C60,0
1608,C10,1,C10,1
1609,C78,7,S474,7
1610,C78,7,S474,7
1611,C60,0,C60,0
1612,C78,7,S474,7
1613,C78,7,S474,7
1614,C27,57,S173,6
1615,C60,0,C60,0
1616,C32,0,C32,0
1617,C27,57,S173,6
1618,C27,57,S173,6
1619,C60,0,C60,0
1620,C65,0,C65,0
1621,C65,0,C65,0
1622,C78,7,S131,7
1623,C65,0,C65,0
1624,C65,0,C65,0
1625,C60,0,C60,0
1626,C65,0,C65,0
1627,C32,0,C32,0
1628,C10,1,C10,1
1629,C32,0,C32,0
1630,C78,7,S131,7
1631,C60,0,C60,0
1632,C50,56,S126,7
1633,C50,56,S126,7
1634,C65,0,C65,0
1635,C65,0,C65,0
1636,C32,0,C32,0
1637,C32,0,C32,0
1638,C32,0,C32,0
1639,C50,56,S68,7
1640,C10,1,C10,1
1641,C32,0,C32,0
1642,C10,1,C10,1
1643,C78,7,S131,6
1644,C60,0,C60,0
1645,C65,0,C65,0
1646,C10,1,C10,1
1647,C10,1,C10,1
1648,C50,56,S68,7
1649,C60,0,C60,0
1650,C10,1,C10,1
1651,C60,0,C60,0
1652,C65,0,C65,0
1653,C10,1,C10,1
1654,C27,57,S173,8
1655,C50,56,S68,7
1656,C65,0,C65,0
1657,C50,56,S68,7
1658,C27,57,S173,8
1659,C60,0,C60,0
1660,C50,56,S68,7
1661,C60,0,C60,0
1662,C32,0,C32,0
1663,C60,0,C60,0
1664,C27,57,S173,8
1665,C32,0,C32,0
1666,C78,7,S131,6
1667,C32,0,C32,0
1668,C32,0,C32,0
1669,C50,56,S68,7
1670,C50,56,S68,7
1671,C10,1,C10,1
1672,C50,56,S68,7
1673,C65,0,C65,0
1674,C60,0,C60,0
1675,C60,0,C60,0
1676,C65,0,C65,0
1677,C65,0,C65,0
1678,C32,0,C32,0
1679,C65,0,C65,0
1680,C78,7,S286,7
1681,C27,57,S173,11
1682,C50,56,S175,5
1683,C10,1,C10,1
1684,C78,7,S286,7
1685,C65,0,C65,0
1686,C65,0,C65,0
1687,C65,0,C65,0
1688,C78,7,S286,7
1689,C10,1,C10,1
1690,C65,0,C65,0
1691,C50,56,S175,5
1692,C27,57,S173,11
1693,C32,0,C32,0
1694,C60,0,C60,0
1695,C65,0,C65,0
1696,C78,7,S286,7
1697,C78,7,S286,7
1698,C65,0,C65,0
1699,C50,56,S175,5
1700,C10,1,C10,1
1701,C32,0,C32,0
1702,C32,0,C32,0
1703,C78,7,S286,7
1704,C60,0,C60,0
1705,C50,56,S175,5
1706,C65,0,C65,0
1707,C32,0,C32,0
1708,C60,0,C60,0
1709,C32,0,C32,0
1710,C10,1,C10,1
1711,C50,56,S175,5
1712,C32,0,C32,0
1713,C27,57,S173,11
1714,C27,57,S173,11
1715,C10,1,C10,1
1716,C65,0,C65,0
1717,C27,57,S173,11
1718,C27,57,S173,11
1719,C78,7,S286,7
1720,C32,0,C32,0
1721,C60,0,C60,0
1722,C27,57,S173,11
1723,C65,0,C65,0
1724,C27,57,S173,11
1725,C78,7,S286,7
1726,C50,56,S175,5
1727,C50,56,S175,5
1728,C27,57,S173,11
1729,C78,7,S286,7
1730,C27,57,S118,9
1731,C65,0,C65,0
1732,C60,0,C60,0
1733,C50,56,S175,7
1734,C27,57,S118,9
1735,C65,0,C65,0
1736,C60,0,C60,0
1737,C32,0,C32,0
1738,C78,7,C78,7
1739,C50,56,S175,7
1740,C65,0,C65,0
1741,C65,0,C65,0
1742,C10,1,C10,1
1743,C65,0,C65,0
1744,C65,0,C65,0
1745,C65,0,C65,0
1746,C50,56,S175,7
1747,C32,0,C32,0
1748,C32,0,C32,0
1749,C10,1,C10,1
1750,C50,56,S175,7
1751,C65,0,C65,0
1752,C65,0,C65,0
1753,C32,0,C32,0
1754,C65,0,C65,0
1755,C50,56,S132,9
1756,C50,56,S132,9
1757,C10,1,C10,1
1758,C65,0,C65,0
1759,C50,56,S132,9
1760,C27,57,S118,7
1761,C65,0,C65,0
1762,C50,56,S132,9
1763,C10,1,C10,1
1764,C60,0,C60,0
1765,C27,57,S118,7
1766,C65,0,C65,0
1767,C10,1,C10,1
1768,C10,1,C10,1
1769,C78,7,C78,7
1770,C78,7,C78,7
1771,C32,0,C32,0
1772,C65,0,C65,0
1773,C50,56,S132,9
1774,C27,57,S118,7
1775,C10,1,C10,1
1776,C10,1,C10,1
1777,C60,0,C60,0
1778,C27,57,S118,7
1779,C27,57,S154,6
1780,C60,0,C60,0
1781,C60,0,C60,0
1782,C78,7,C78,7
1783,C10,1,C10,1
1784,C10,1,C10,1
1785,C10,1,C10,1
1786,C60,0,C60,0
1787,C65,0,C65,0
1788,C60,0,C60,0
1789,C10,1,C10,1
1790,C27,57,S154,6
1791,C27,57,S154,6
1792,C27,57,S154,6
1793,C78,7,C78,7
1794,C78,7,C78,7
1795,C32,0,C32,0
1796,C65,0,C65,0
1797,C10,1,C10,1
1798,C27,57,S154,6
1799,C27,57,S154,6
1800,C50,56,S118,6
1801,C78,7,S147,7
1802,C10,1,C10,1
1803,C60,0,C60,0
1804,C50,56,S118,6
1805,C65,0,C65,0
1806,C60,0,C60,0
1807,C50,56,S118,6
1808,C10,1,C10,1
1809,C32,0,C32,0
1810,C27,57,S154,8
1811,C60,0,C60,0
1812,C10,1,C10,1
1813,C65,0,C65,0
1814,C65,0,C65,0
1815,C32,0,C32,0
1816,C65,0,C65,0
1817,C32,0,C32,0
1818,C10,1,C10,1
1819,C27,57,S154,8
1820,C27,57,S154,8
1821,C10,1,C10,1
1822,C78,7,S147,7
1823,C78,7,S147,7
1824,C32,0,C32,0
1825,C78,7,S147,7
1826,C65,0,C65,0
1827,C60,0,C60,0
1828,C27,57,S154,8
1829,C10,1,C10,1
1830,C32,0,C32,0
1831,C78,7,S147,7
1832,C50,56,S118,6
1833,C50,56,S118,6
1834,C32,0,C32,0
1835,C65,0,C65,0
1836,C10,1,C10,1
1837,C78,7,S147,7
1838,C50,56,S118,6
1839,C65,0,C65,0
1840,C50,56,S118,6
1841,C65,0,C65,0
1842,C65,0,C65,0
1843,C78,7,S147,7
1844,C10,1,C10,1
1845,C60,0,C60,0
1846,C78,7,S147,7
1847,C10,1,C10,1
1848,C65,0,C65,0
1849,C78,7,S147,7
1850,C50,56,S118,6
1851,C78,7,S147,7
1852,C78,7,S147,7
1853,C27,57,S131,10
1854,C78,7,S147,7
1855,C50,56,S118,6
1856,C32,0,C32,0
1857,C50,56,S118,6
1858,C60,0,C60,0
1859,C60,0,C60,0
1860,C78,7,S147,7
1861,C60,0,C60,0
1862,C32,0,C32,0
1863,C65,0,C65,0
1864,C10,1,C10,1
1865,C32,0,C32,0
1866,C10,1,C10,1
1867,C10,1,C10,1
1868,C32,0,C32,0
1869,C50,56,S118,6
1870,C50,56,S118,6
1871,C60,0,C60,0
1872,C60,0,C60,0
1873,C78,7,S147,7
1874,C50,56,S118,6
1875,C32,0,C32,0
1876,C27,57,S131,10
1877,C60,0,C60,0
1878,C65,0,C65,0
1879,C10,1,C10,1
1880,C27,57,S131,10
1881,C60,0,C60,0
1882,C50,56,S154,8
1883,C10,1,C10,1
1884,C60,0,C60,0
1885,C10,1,C10,1
1886,C78,7,C78,7
1887,C27,57,S131,9
1888,C78,7,C78,7
1889,C78,7,C78,7
1890,C27,57,S131,9
1891,C27,57,S131,9
1892,C78,7,C78,7
1893,C78,7,C78,7
1894,C32,0,C32,0
1895,C32,0,C32,0
1896,C65,0,C65,0
1897,C78,7,C78,7
1898,C65,0,C65,0
1899,C32,0,C32,0
1900,C10,1,C10,1
1901,C65,0,C65,0
1902,C27,57,S131,9
1903,C65,0,C65,0
1904,C78,7,C78,7
1905,C32,0,C32,0
1906,C50,56,S154,8
1907,C10,1,C10,1
1908,C10,1,C10,1
1909,C27,57,S131,9
1910,C65,0,C65,0
1911,C10,1,C10,1
1912,C50,56,S154,8
1913,C32,0,C32,0
1914,C78,7,C78,7
1915,C32,0,C32,0
1916,C27,57,S131,9
1917,C65,0,C65,0
1918,C32,0,C32,0
1919,C65,0,C65,0
1920,C10,1,C10,1
1921,C32,0,C32,0
1922,C27,57,S133,7
1923,C65,0,C65,0
1924,C60,0,C60,0
1925,C65,0,C65,0
1926,C78,7,C78,7
1927,C10,1,C10,1
1928,C32,0,C32,0
1929,C50,56,S131,7
1930,C32,0,C32,0
1931,C27,57,S133,7
1932,C78,7,C78,7
1933,C27,57,S133,7
1934,C78,7,C78,7
1935,C10,1,C10,1
1936,C10,1,C10,1
1937,C27,57,S133,7
1938,C32,0,C32,0
1939,C65,0,C65,0
1940,C50,56,S131,7
1941,C65,0,C65,0
1942,C27,57,S133,7
1943,C65,0,C65,0
1944,C78,7,C78,7
1945,C10,1,C10,1
1946,C50,56,S131,7
1947,C50,56,S131,7
1948,C78,7,C78,7
1949,C50,56,S131,7
1950,C32,0,C32,0
1951,C78,7,C78,7
1952,C10,1,C10,1
1953,C32,0,C32,0
1954,C32,0,C32,0
1955,C27,57,S133,7
1956,C32,0,C32,0
1957,C10,1,C10,1
1958,C32,0,C32,0
1959,C78,7,C78,7
1960,C32,0,C32,0
1961,C27,57,S133,7
1962,C10,1,C10,1
1963,C78,7,C78,7
1964,C32,0,C32,0
1965,C10,1,C10,1
1966,C10,1,C10,1
1967,C78,7,C78,7
1968,C10,1,C10,1
1969,C10,1,C10,1
1970,C27,57,S133,7
1971,C50,56,S131,7
1972,C60,0,C60,0
1973,C50,56,S131,7
1974,C65,0,C65,0
1975,C27,57,S133,7
1976,C50,56,S131,7
1977,C60,0,C60,0
1978,C65,0,C65,0
1979,C32,0,C32,0
1980,C32,0,C32,0
1981,C10,1,C10,1
1982,C10,1,C10,1
1983,C27,57,S133,7
1984,C10,1,C10,1
1985,C50,56,S131,7
1986,C10,1,C10,1
1987,C10,1,C10,1
1988,C27,57,S133,7
1989,C10,1,C10,1
1990,C78,7,C78,7
1991,C65,0,C65,0
1992,C50,56,S131,7
1993,C10,1,C10,1
1994,C78,7,C78,7
1995,C78,7,C78,7
1996,C27,57,S133,7
1997,C78,7,C78,7
1998,C32,0,C32,0
1999,C78,7,C78,7
